279037253,5.3659,4.3612,5.5235,6.6361,6.1107,4.9734,5.0307,5.6610,3.4271,3.6970,4.5403,2.4030,2.7319,3.6815,2.7107,1.0489,1.7733,1.9468,2.2600,2.3180,1.7370,0.6076,0.9474,1.2083,0.7633,1.5434,1.9887,1.6361,1.3882,1.1843,2.0125,1.3369,1.5627,1.6219,1.5806,5.5874,5.3040,6.3358,5.5810,4.6161,4.4521,5.4330,3.3106,3.8249,4.0491,2.6428,3.1501,3.2885,3.4505,1.7144,1.9766,1.4572,2.6480,2.4131,0.6051,1.8464,0.8722,1.6948,1.2562,2.2032,2.1886,1.8272,1.2534,1.1808,2.1710,1.4454,0.9325,1.2718,1.7267,1.9313,4.7950,4.4278,4.5589,5.4944,4.8292,4.8082,5.5265,2.9660,3.1376,4.8672,3.3231,2.9031,3.6071,2.6451,2.0861,2.0315,2.1721,2.6355,1.9291,0.3013,0.8530,1.5130,1.1794,2.4224,1.7612,0.5094,1.5160,1.6839,1.5441,0.9637,1.2497,2.5820,3.7270,4.1543,5.3227,6.4272,5.7550,4.9822,4.6338,5.6331,3.5921,3.7446,3.2901,3.7431,3.1373,1.7772,1.2104,2.8724,2.3997,1.7845,0.4508,0.8945,1.2287,2.4540,1.3337,1.1045,1.3110,2.0109,1.1886,0.6985,1.4648,1.3946,1.8434,5.3615,5.7308,6.0193,5.1324,5.0260,5.0220,4.6877,2.6048,3.5536,2.6577,1.3562,2.5000,1.8592,2.1822,0.9094,1.8885,2.3328,2.0101,0.5489,1.2118,2.1129,1.5720,0.9174,1.5610,1.9836,1.6254,5.4900,4.4819,4.2811,3.4699,3.7878,5.4676,5.0871,5.3796,6.2745,5.5424,4.8726,4.7455,5.3852,4.5112,3.2734,3.6879,2.6237,2.7882,2.6743,2.2224,0.3157,0.7914,1.5888,2.9264,1.7008,0.6073,1.5822,2.0874,1.7711,1.2580,1.5289,1.5906,1.9887,5.4036,6.3367,6.1439,5.2636,4.7841,5.0376,3.8879,4.4686,3.9500,4.2325,3.8221,3.1903,3.9525,2.5766,2.6598,1.9749,2.3935,0.5017,2.5813,0.7437,1.6830,1.7565,2.8253,1.4359,1.9091,0.9630,1.6770,2.3360,1.7299,1.1867,1.4766,1.4358,2.1104,5.0301,6.1354,5.4244,4.9122,3.8202,4.6271,3.8008,4.8433,4.1155,4.1143,3.3571,3.4204,0.9714,2.3507,1.7187,2.9979,2.4204,2.0365,1.0698,1.9215,1.3382,2.8748,1.9948,1.2048,2.0621,2.2335,1.9879,0.8593,1.5457,1.7448,1.3175,5.3879,5.5796,5.3259,6.0505,5.1266,4.9018,3.7440,4.3845,4.4618,3.7849,3.6017,3.3721,3.5211,4.5430,2.2623,2.5083,1.8836,3.0025,1.8789,2.0509,0.1051,1.9710,1.2550,2.1061,1.8904,1.8343,2.7260,1.3226,1.9324,0.7853,1.6064,1.7540,1.6003,1.2096,1.3998,0.9078,2.1159,4.8222,5.3749,5.9992,6.0856,4.3551,5.1208,5.3770,3.8836,5.1372,3.4537,3.4891,3.6274,2.0289,2.8198,2.0571,2.8796,2.1028,2.3970,0.0688,1.5447,0.9714,1.4769,2.0493,3.1627,1.4109,1.8858,0.7209,1.1994,2.3726,1.4272,1.2236,1.7328,2.3763,1.8626,5.4351,4.7574,5.2758,6.0458,5.8385,5.3340,4.9708,5.0945,3.9516,4.3384,4.9520,3.1119,3.8131,4.2970,3.6938,0.7187,2.4472,2.1589,2.9718,2.1088,2.2410,1.0914,2.2586,0.7187,2.0968,1.8742,2.3300,1.4775,0.7585,1.3104,1.8678,1.1590,2.0885,2.0141,2.4175,4.1238,4.1620,4.6137,4.4873,4.5430,4.1539,3.3993,3.7714,3.7712,3.1053,2.9660,3.5233,4.1588,2.9614,0.9216,2.9084,1.9953,3.1867,0.4877,0.8057,2.8231,3.0949,2.3768,1.7735,1.1502,2.0642,1.8363,2.2695,1.8783,2.5943,2.4869,2.1049,2.9946,3.4461,3.4705,4.2521,4.3559,4.2513,3.0262,3.2034,3.5709,5.1233,3.1797,3.4200,2.6816,1.5594,1.8346,1.4013,2.5192,2.1460,0.8341,1.0489,1.9323,1.7984,2.0553,1.6538,1.6907,1.9008,0.9600,2.2953,1.2993,1.4064,1.5168,1.7375,2.8972,3.6207,3.1288,3.6545,3.1410,4.5142,2.9947,6.4334,4.7498,4.8981,5.0234,3.2358,3.6223,4.6342,4.3450,5.8294,3.4686,4.0886,4.8121,4.7174,1.4907,3.1922,3.6973,3.3973,0.7960,2.2563,2.2863,2.2134,2.5935,2.6980,2.0103,1.9123,2.7157,2.7195,2.3482,4.2660,3.5457,4.5737,4.5101,5.0002,3.9525,3.2934,3.5132,3.7137,3.9226,2.9064,3.1513,1.7391,1.8370,2.0029,1.3688,1.4789,0.0656,0.9548,1.6006,1.3573,1.0700,1.2234,0.7700,0.9421,0.2264,1.0299,0.8929,1.4290,4.0198,3.8111,6.1494,3.3415,4.1770,6.9382,3.7024,4.3885,5.0784,4.5799,4.4898,2.7626,2.4703,2.5998,2.2813,2.0976,2.5395,2.0596,1.6582,2.2193,2.4063,1.4562,1.7357,2.2391,2.1948,1.9795,2.0635,1.6748,2.6284,1.8697,1.6701,2.0464,1.9260,1.7437
279037258,4.9875,5.3893,5.3252,6.4115,5.7818,4.8868,5.2992,5.0742,3.0589,4.2472,4.2869,2.5336,2.1723,3.0966,2.5592,0.0000,0.8169,0.4072,1.5055,2.3724,1.9324,0.0000,0.0000,0.0000,1.1822,1.6747,1.3581,1.2736,1.0596,0.9319,1.5428,1.7646,1.4390,2.4225,1.0088,5.3077,5.0520,6.5113,5.2085,4.7349,4.8082,5.1140,3.1012,4.1476,3.6874,2.5129,2.9701,3.0810,2.8759,0.0000,1.0856,0.9509,1.2671,2.7077,0.0000,0.0964,0.2748,0.0000,0.0000,1.5948,1.2866,1.6561,0.4404,1.0656,2.1406,1.0707,0.0000,1.1952,1.8891,1.3588,4.3797,4.9930,4.5782,5.4233,4.8486,5.0553,5.2931,3.1309,3.3209,4.3133,2.5128,1.2179,3.2086,2.7841,1.5132,0.3705,1.7626,2.1819,2.6150,0.4352,0.0000,0.0000,0.8830,1.7264,1.5074,0.6723,1.2821,0.4564,1.6455,1.4159,0.8230,1.6077,3.4199,4.6861,5.2776,6.2987,5.5002,4.9864,4.7149,5.1232,3.8304,4.1982,2.3538,3.0653,2.0128,0.9769,0.1869,1.4468,2.1835,1.9064,0.0000,0.0000,0.7647,2.2255,0.6111,0.4493,0.8174,2.0864,0.7963,0.7069,1.1003,1.4138,1.0727,5.2969,5.9411,5.5809,4.9618,5.2687,5.0199,4.8003,1.9980,3.0555,1.4253,0.8126,0.9854,1.9816,0.6347,0.0000,1.1386,1.3750,1.3030,0.0000,0.9880,2.0665,1.0398,1.3364,1.3235,1.7931,0.0000,5.2822,5.1234,4.1919,3.1232,0.8824,5.3438,5.6382,5.2178,6.3565,5.2458,4.9427,4.9203,5.0755,4.5231,3.3897,3.9467,0.8248,1.4865,2.3053,2.6491,0.0000,0.0000,0.0000,2.4222,1.3617,0.0000,2.1757,2.1547,1.4069,0.0000,1.3348,1.5773,0.6523,5.2170,6.4719,5.0996,5.5927,5.0132,5.1947,4.0269,4.4655,3.6320,3.9442,0.2900,2.8090,4.0020,0.7105,2.0073,1.5360,2.3902,0.4090,0.0000,0.0000,1.2615,1.8083,1.4361,0.7923,1.6866,0.0000,1.3049,2.2494,1.4511,1.2426,1.7001,1.2087,1.9675,4.9556,6.1866,5.4992,4.8741,3.8158,4.5742,3.7713,4.9300,3.8284,3.4608,1.5058,3.3131,1.0017,1.0822,0.6986,1.6218,2.1875,0.0000,0.9645,1.4851,2.0355,1.2237,1.2735,0.0000,0.3872,2.2580,1.2612,0.0650,1.9467,1.9908,1.0894,5.3869,5.1131,5.4191,6.1821,5.5036,4.5076,3.7316,4.4236,4.0010,3.0420,1.7522,2.7434,2.2666,4.5899,1.0480,2.2075,1.1293,1.8320,1.8881,2.2492,0.0000,0.7064,0.0000,0.0000,0.8650,0.6392,1.5585,1.1661,1.7020,0.1885,0.7717,2.7931,0.6349,0.8719,1.6325,1.4755,1.5999,4.8570,5.1897,6.0839,5.8296,4.3888,5.1514,5.2660,4.0700,4.9094,2.5670,3.4134,3.6104,1.0111,0.9609,0.9349,2.3124,0.9009,2.1987,0.0000,0.0000,1.0017,0.8098,1.3847,1.7529,1.0852,1.6644,0.0000,0.7756,2.7106,1.2625,0.7720,1.8450,1.4641,1.6559,5.1773,5.0984,5.3489,6.2201,5.8177,5.4524,5.1171,4.5080,3.7135,4.6435,5.0059,3.0086,1.0533,4.0183,3.2649,0.4701,1.6123,2.1861,2.4621,1.1432,2.1208,0.0000,0.6554,0.4701,1.8740,0.9469,2.2242,0.6103,0.0000,1.0713,2.2137,0.3568,2.2193,1.5238,2.0566,4.0003,4.8171,4.0255,3.9810,4.5899,4.2005,3.3656,2.7841,3.8953,2.7753,2.3938,2.5452,3.8546,2.7272,0.0000,1.9498,0.8105,2.9582,0.0000,0.0000,2.5897,2.7196,0.5713,0.8061,0.0829,1.7388,1.9061,1.5630,1.8585,2.2942,2.3306,0.4093,3.9036,3.9013,3.3039,3.8881,3.8547,4.0758,3.4828,2.4241,2.5571,4.6413,2.4561,3.2735,2.3113,1.0459,0.8483,0.4321,2.0899,2.3940,0.0000,0.0000,0.0000,0.5895,1.6653,0.6116,0.8772,2.1482,1.4266,1.3334,0.6925,1.7353,1.5938,1.0456,1.4245,3.6028,3.1016,3.6930,3.4345,4.2797,3.3842,4.7930,4.5653,4.5294,5.0672,3.6648,3.0152,4.6825,4.2820,5.4861,2.5219,2.4770,4.4990,4.7645,1.2474,1.9674,2.9167,3.1955,0.0000,1.7403,1.1259,2.0804,2.6076,2.6197,0.9942,1.4833,2.5146,1.1495,0.9545,3.8797,3.8792,4.3978,4.3900,4.9576,3.9644,2.6215,3.9240,3.3966,2.6518,0.9983,2.5204,0.0000,1.8098,1.4492,0.7877,1.2119,0.0000,0.7059,0.9265,1.2354,0.6194,1.5366,0.7322,0.2238,0.1251,1.3571,1.3458,0.2492,3.3724,4.1491,5.6687,4.3289,4.1977,6.3093,3.7103,3.6038,4.7940,4.3593,4.0937,1.7567,2.0585,2.3674,2.5408,1.5327,2.4351,0.0774,1.0670,2.2156,1.8721,1.2393,0.9386,2.4422,2.1821,2.9048,1.2809,1.5318,2.6536,1.9406,0.6982,1.8755,2.0780,1.7462
279037263,5.7809,5.9215,6.1367,7.1259,6.3807,5.7224,6.0030,5.4081,3.8836,4.8075,5.1493,3.1306,2.4910,3.8824,2.4474,0.0000,2.0656,1.3833,2.6780,1.8390,2.5002,0.0000,1.2043,0.0000,0.0000,1.0734,2.1447,1.7091,0.7812,2.2343,2.6571,1.2943,2.0888,1.5534,0.5956,6.0722,5.8213,6.9471,5.7559,5.4167,5.6047,5.5868,3.7143,4.6661,4.4213,3.3927,3.0976,3.8854,3.0316,0.0000,1.8660,1.3864,2.4405,3.0818,0.0000,0.4334,0.1442,0.7509,0.0000,1.8524,1.9701,1.7329,0.6552,1.7871,2.6095,1.6304,0.2890,1.2757,2.0764,2.1504,5.5281,5.6150,5.3223,5.8716,5.7740,5.6821,5.5433,3.5496,3.8309,5.0556,3.2014,2.0657,4.3097,2.8028,1.9406,1.7617,1.7241,2.5478,2.8356,0.7159,0.4578,1.3547,2.3113,1.4049,1.5096,0.0000,2.3717,1.9258,1.9864,1.0493,1.4665,1.9832,4.4446,5.4376,6.0452,7.2973,5.9921,5.9200,5.3655,5.8522,4.4687,4.5761,3.2775,3.7833,1.6483,1.4362,0.6262,2.1440,2.3313,2.3032,0.4998,0.0000,0.1225,1.0358,1.3438,0.7291,1.5348,2.0211,1.6880,1.2423,1.9011,2.0262,2.0712,5.9642,6.4888,6.1644,5.5446,6.2267,5.5052,5.2288,3.0620,3.2997,2.0768,1.3531,1.1089,2.9674,0.1505,1.1720,1.4824,1.8540,2.2758,0.0000,1.7819,2.6214,1.8982,1.2932,1.8165,2.1093,0.0000,6.0593,5.6272,4.7674,3.7493,1.6751,6.2342,6.2504,5.9025,6.7456,5.8678,5.6959,5.9816,5.5570,5.1142,3.7752,3.6095,1.7120,2.1585,2.9571,3.1052,0.0000,0.0000,0.7879,2.4991,2.4624,0.0000,2.8122,3.0342,1.4538,1.0168,1.5800,1.0726,1.0648,6.0388,6.8762,6.1064,6.0793,5.8135,5.7194,4.4925,4.9620,4.7275,4.5382,1.4801,3.9446,4.2710,1.6430,2.4411,2.3095,2.9379,0.8896,0.7929,0.0000,0.4490,0.8206,1.6997,1.9876,2.0788,0.3507,2.3591,2.4363,2.0481,0.6305,1.7717,1.7605,2.3962,5.5436,6.8538,5.8633,5.7773,4.5755,5.1509,4.3088,5.4409,4.7067,3.9613,1.7875,2.9306,0.0000,1.3329,1.0215,2.0109,2.9384,0.4661,0.0960,1.2366,2.5462,2.4435,2.1005,0.7006,1.4926,2.2054,1.8935,1.1856,2.0346,1.9326,0.6004,6.3145,6.2700,6.1099,6.7815,6.1270,5.3950,4.0973,5.1207,5.0831,3.9962,2.1802,3.5891,2.1784,5.0083,1.7037,3.3809,0.7592,2.5778,2.3435,3.0056,0.0000,1.3263,0.0000,0.0000,0.3722,2.4956,0.9046,1.6130,1.7902,0.0000,1.9300,2.5486,1.7409,1.9030,2.0276,1.7100,2.1721,5.5229,5.7715,6.6604,6.4477,5.1659,5.9958,5.7580,5.0519,5.8282,3.8669,4.2733,3.6672,1.9795,3.8034,1.1350,2.4731,1.8673,2.6780,0.0000,0.3942,0.0000,0.1287,1.3785,1.7345,1.2919,2.3688,0.0000,0.4564,2.8874,1.3006,1.1965,1.8115,1.9901,1.9798,5.7051,5.7698,5.9401,6.7278,6.4300,6.0908,5.8805,5.0508,4.7100,5.0615,5.7347,3.8668,1.4870,4.5993,3.6893,0.0854,2.2683,2.4579,2.6641,2.6182,3.0749,0.0000,1.6391,0.0854,0.7473,2.9399,2.2749,1.3555,0.0000,1.8291,2.5326,1.9538,2.0240,0.6974,2.2152,4.4997,5.2792,4.5661,5.1770,5.0083,4.8687,4.1335,4.0731,4.2593,3.4215,3.2139,2.7720,4.3744,2.9695,0.3544,3.0385,1.3436,3.7699,0.0000,1.2990,2.5275,3.1444,0.5595,1.3211,0.8700,3.3199,1.8034,1.3617,1.9633,2.9893,2.3096,0.1925,4.7662,4.5812,3.7286,4.5342,4.6600,5.1678,3.8981,3.6650,2.7389,5.4174,3.3786,3.8579,2.7433,1.2935,1.1731,0.7242,1.9350,2.9591,0.0000,0.0000,0.0000,0.9900,0.6833,0.3658,0.8000,2.5691,1.8149,2.5148,0.9486,2.0321,1.4317,1.2741,0.8396,4.1709,4.3119,4.0963,3.4438,4.8057,4.0850,5.0211,5.0911,5.2934,5.8874,4.3964,4.0913,5.0272,4.8564,6.3083,2.8455,3.5108,5.3007,4.9234,1.3138,3.0851,2.8702,3.9239,0.5434,0.7315,1.7445,2.2395,3.3720,2.2540,1.7942,1.4503,2.8935,2.2221,1.7340,4.5499,4.3349,4.8884,5.2577,5.6345,4.9896,3.5939,4.5575,4.2261,3.4017,1.6465,2.3002,0.6227,2.0395,1.4727,1.2821,1.7283,0.0000,0.0830,0.7525,1.5237,0.4334,1.9138,1.4559,0.4250,0.5359,0.2383,1.5201,1.8401,4.4941,4.9053,6.2381,5.0221,4.9425,6.6039,4.4503,4.4599,5.2351,4.9557,4.2468,2.0098,2.4205,2.3110,1.9911,2.8122,3.0994,1.6168,1.8632,1.8623,1.1390,1.2885,2.4288,3.4612,2.1228,3.1638,0.3796,1.1852,2.7971,2.2790,2.2152,2.4107,1.7857,0.2191
279037268,5.5077,5.9262,5.9833,6.5591,6.2639,5.7408,6.0788,5.2982,4.2338,4.4761,5.0022,3.1755,2.0220,3.5538,2.2098,0.8913,2.4843,0.6594,2.0725,1.8987,2.2442,0.0000,0.4703,0.0000,1.5928,1.8501,2.7723,0.8127,1.2525,1.7435,1.8791,0.5339,2.1434,1.7945,0.1173,5.8732,5.9574,7.0372,6.0029,5.4048,5.7363,5.2859,4.0911,4.1535,4.3334,3.2641,3.5055,3.8060,2.5991,0.0000,0.7837,1.2044,2.4064,3.4013,0.0000,0.0000,0.0000,0.9249,1.4673,3.2115,2.4039,1.7500,0.2817,2.0567,3.1793,2.3453,0.8987,1.6952,1.9652,2.0994,5.4223,5.5568,5.4283,5.9625,5.4987,5.6950,5.4862,3.0729,3.9005,4.9556,3.1256,2.2596,4.4256,2.5404,2.3214,1.9030,1.6670,2.7874,2.6424,0.0000,1.3620,0.0000,1.4255,2.2104,0.7402,0.0000,2.0393,1.5500,1.5801,0.8590,1.6833,1.5651,4.0916,5.5155,6.0791,6.6982,6.0032,5.7882,5.3833,5.6969,3.6802,4.5557,2.8140,3.7526,2.4655,1.8316,1.2267,2.5452,1.3523,2.6214,0.3903,0.2464,1.9662,1.4334,0.6485,0.2373,1.2955,2.0010,1.9037,1.6624,1.6390,1.7668,1.9944,6.0577,6.5334,6.2577,5.7526,6.1488,5.7399,4.9048,2.9459,3.3958,1.7427,0.8797,2.1372,3.0694,0.4106,0.0000,0.3984,1.4891,2.4781,0.6228,2.2178,2.6964,0.9523,2.2522,1.0595,2.0080,0.0000,6.1394,5.6254,4.6743,3.8537,0.5262,5.9668,5.9460,6.0998,6.7096,6.1063,5.7894,5.9732,5.7310,5.0000,3.5012,3.7037,1.2557,3.0664,2.4304,2.9279,0.0000,0.0000,0.3373,1.7142,1.5879,0.2432,2.0412,2.8936,1.7243,1.5860,1.5935,1.0611,1.2343,6.1127,6.8482,6.1938,6.0741,6.0431,5.6755,4.4623,4.7928,4.8601,4.4429,1.7828,3.6257,3.8637,2.1634,2.5821,2.2494,2.4471,0.0000,0.5587,0.0000,0.0000,2.2577,2.3290,1.7351,2.4018,0.0000,2.1872,2.4079,2.2187,1.0541,1.3691,2.4389,2.3249,5.4940,6.0489,5.8789,5.9006,4.8682,5.0186,4.4262,4.9352,4.6733,3.6353,2.1146,3.4085,1.0301,1.2304,0.0000,1.8056,2.9085,0.9891,0.8619,1.5111,1.7214,2.7086,0.6848,0.4641,2.1166,1.9632,2.1090,1.4985,2.1384,2.6210,0.0000,6.1823,6.0646,6.2258,6.7488,6.1572,4.9578,3.9028,5.1657,4.9445,3.6618,2.1819,3.8346,2.2911,4.8220,1.2312,2.8780,0.0000,1.9798,1.9184,2.8074,0.0000,0.8878,0.0000,0.4205,0.7278,2.2389,0.8110,0.6552,2.5992,0.0000,1.5812,2.4690,1.8544,0.4699,1.7083,2.0409,2.0567,5.1213,5.5894,6.7296,6.3729,5.3523,6.1234,5.6315,5.0185,5.8485,3.6986,4.0959,3.8206,1.9301,3.4911,1.2969,2.1111,1.6870,3.3135,0.0000,0.9954,1.0301,0.0000,1.2774,2.9103,1.2481,2.7618,0.0000,0.6345,2.8430,1.6413,2.0953,1.1115,2.4359,1.2612,5.8659,5.6258,5.8016,6.8101,6.1333,6.0814,5.9979,5.0900,4.5545,5.3165,5.5278,4.1541,1.4472,4.7160,3.5494,0.0000,1.4835,2.3688,2.2420,2.0790,3.0169,0.0000,0.5422,0.0000,0.9412,3.0255,1.7753,1.3837,0.5744,1.3420,2.5591,1.2230,2.4460,0.8748,1.9777,4.3801,5.3131,4.2304,4.2402,4.8220,4.8471,4.1626,3.8116,4.3163,3.6427,3.1937,2.8048,4.4830,1.9639,0.4738,2.8122,1.8168,3.4515,0.0000,0.0000,2.0599,3.0920,0.6102,0.9669,0.0000,3.0571,1.2321,1.7476,2.0483,3.0016,1.9527,1.2413,4.6425,4.4760,3.8037,4.6079,4.6348,4.6630,3.9401,3.7964,2.6029,5.5331,3.1099,4.0424,2.7082,0.6825,2.0106,1.2147,2.8309,2.8273,0.0000,0.8913,0.0000,0.7137,2.8550,1.9489,1.9804,2.4784,0.8627,2.5240,1.2297,1.7552,2.1572,0.9967,0.4322,4.0670,4.2828,3.6899,3.9970,5.1123,4.5744,4.8127,4.9592,4.9799,5.8418,4.2991,3.5736,5.0896,5.1687,6.1223,2.8027,3.3877,5.3240,4.9107,1.3172,3.2192,2.2473,4.0893,0.9734,0.7062,1.6759,2.5713,3.0541,1.9857,2.2646,1.2262,2.8281,2.0665,2.0375,4.3772,4.4587,4.6518,4.0493,5.5694,4.9836,3.6609,4.2323,4.1724,2.5674,1.9468,3.0248,0.2013,1.8906,2.0124,0.3909,1.4526,0.0000,0.0000,0.5933,1.8884,0.9931,1.7418,0.3896,0.5470,0.4613,0.1742,1.1916,1.3696,4.5259,4.8907,5.5927,5.2967,5.0210,6.5696,4.7705,4.5756,5.1541,4.9677,4.7985,0.5219,2.5122,2.9478,2.5426,2.5201,2.9217,1.3068,2.2308,2.6292,1.2032,0.8508,3.3679,2.8233,2.3648,3.0318,0.8223,2.3025,2.5366,2.6081,2.5232,1.7381,2.5173,2.5004
279037273,5.4536,5.8025,6.1070,6.3428,6.0547,5.6065,6.0591,5.1371,3.8720,4.4661,4.7273,3.0145,1.5171,3.8083,2.8177,0.3185,0.8119,0.7056,2.1672,2.0270,2.0574,0.0000,1.3287,0.0000,1.3066,1.6903,1.8822,0.4391,0.5767,1.3710,3.1585,0.7145,1.6950,2.8335,0.8437,6.0395,5.8853,6.8577,5.5567,5.4624,5.8182,5.4192,3.5110,4.3744,4.7626,3.1209,3.3486,4.1095,3.2881,0.0000,1.4406,0.6615,1.4044,3.2497,0.0000,0.0000,0.7573,0.1715,0.6655,2.6088,1.8008,1.8991,0.1475,1.5964,2.8065,1.2673,0.4333,0.9682,1.4012,2.4704,5.2485,5.2778,5.3477,5.7419,5.9289,5.6372,5.3593,3.1145,3.8978,5.0045,3.2549,2.4832,4.1535,2.2985,1.6571,2.1144,2.7308,1.9558,2.7955,0.0000,1.5374,0.0000,1.8866,2.1774,1.5156,0.0000,2.1594,2.5332,1.1925,1.0542,1.1720,1.8868,4.0669,5.4179,6.0948,6.4561,5.9984,5.8513,5.4527,5.4641,3.8220,4.3692,3.1086,3.9677,1.9466,1.5959,0.9209,1.5850,1.2582,2.1534,0.2080,0.2161,0.4178,1.0126,0.8752,0.4687,0.9169,1.6263,0.9112,1.1464,1.2507,2.0905,1.7406,6.0349,6.4889,5.9853,5.5698,6.2462,5.5331,5.0699,2.8640,3.3444,1.7929,0.7245,0.8889,2.9088,0.7517,0.0734,1.2716,2.9097,2.2630,0.0000,2.2380,2.4598,1.3295,1.5551,1.2788,1.7815,0.3678,5.9821,5.4175,4.5070,3.5780,1.0157,6.2707,5.8533,5.7662,6.6419,5.8283,5.8821,6.0136,5.3094,4.6193,3.7005,3.6297,1.3783,2.2801,1.7896,3.0946,0.0000,0.0000,0.9043,2.0669,0.8213,0.5927,1.9696,2.8206,1.4446,1.1555,1.6509,1.8632,0.1563,5.9959,6.7469,6.2976,6.2895,6.1473,5.5248,4.1900,4.8232,4.8418,4.4388,1.1795,3.8841,4.0028,1.3753,2.3982,2.0888,3.0580,0.0000,0.4927,0.0000,0.0664,2.4279,2.1520,1.1159,2.6991,0.0000,1.7261,2.4392,2.2814,1.6607,0.9131,2.0546,2.6282,5.2354,5.7607,5.3597,5.9246,4.7612,5.1468,4.5345,5.1234,4.4449,3.5926,2.1049,3.3273,0.0000,1.1680,0.0000,1.8978,2.5128,1.0407,0.0540,0.0000,1.6968,2.5723,1.0987,0.0000,1.2883,2.7189,1.8485,0.7083,1.2750,2.2719,0.6143,6.1725,6.0353,6.1526,6.6544,6.2482,5.3643,3.7783,5.0597,4.8528,3.6958,2.4642,3.8383,1.9862,4.9366,1.4507,2.8617,0.3001,2.0241,1.8499,2.9258,0.0000,0.8153,0.0000,0.0544,0.0000,2.7775,1.8089,1.4854,2.5555,0.0000,1.2195,2.2520,1.4794,1.3632,1.4838,2.3286,2.1316,5.3389,5.6237,6.4521,6.3583,5.3691,6.1686,5.5233,4.8406,5.7860,3.8284,4.3269,3.5989,1.7132,3.1488,0.9483,2.2691,1.8474,3.0125,0.0000,0.8046,0.0000,0.3673,1.4923,2.4757,1.3798,2.1471,0.0000,1.0395,2.6335,1.2450,1.6246,1.7797,2.1241,1.2087,5.9596,5.2501,5.7885,6.5061,5.9955,6.2509,6.0347,4.9485,4.1419,4.9175,5.7884,4.2956,0.8398,4.8777,3.4652,0.7616,1.1612,2.6252,2.1941,2.0963,3.2173,0.1535,1.3039,0.7616,1.8349,2.9865,2.1487,0.6651,0.0000,1.0325,1.9311,1.4779,2.3675,0.7573,1.1053,4.6325,5.1566,4.1785,3.9723,4.9366,5.0639,3.8512,3.8993,4.1981,3.8664,2.9983,2.3246,4.7034,2.6253,0.2054,2.6126,0.7023,3.5772,0.0000,0.4195,2.4429,3.0531,0.4613,0.9528,0.0000,2.5081,2.1909,1.4319,2.3882,2.3648,2.1831,0.5735,4.0657,4.7020,3.4525,4.0664,4.3580,4.9467,3.9768,3.5527,2.6850,5.4333,3.2224,3.8413,2.2648,0.1138,2.4087,0.6090,2.7225,2.8202,0.0000,0.3185,0.0000,0.2813,1.2856,1.5851,0.6044,2.3400,1.2784,2.2767,0.8467,1.7640,1.4750,1.3028,0.3219,4.0665,3.6398,3.9834,3.7004,4.9487,4.1245,4.6359,4.8946,4.4988,5.6036,4.3825,3.3220,5.2717,4.8271,6.2426,2.7024,3.5184,5.4038,4.7047,1.1045,2.9010,2.4429,3.6584,0.4567,0.2871,1.6737,2.3009,3.3359,2.4489,1.8753,0.0000,2.6717,1.7350,2.2613,4.5013,4.5498,4.4089,4.6201,5.4426,5.1129,3.5705,4.0207,4.1732,2.7088,1.8397,2.4369,1.7826,2.1328,1.7476,1.0909,1.5980,0.0000,0.0000,0.9037,1.8188,0.5084,1.5982,1.3631,0.3164,0.4667,0.5098,1.0684,1.1288,4.4814,4.9182,5.3511,4.6190,4.8503,6.3744,4.1617,4.3251,4.7549,4.9373,4.4963,0.6580,2.4643,2.7753,2.5709,2.8676,3.0032,0.0000,2.2991,2.0825,1.5541,0.1753,3.2539,2.4462,2.0324,2.5973,1.2940,2.4441,2.9805,2.4687,2.3842,2.4458,1.8656,1.4605
279037278,5.2323,5.1418,5.8581,6.0898,5.4374,5.2654,5.6608,4.7937,3.5096,4.5476,4.3799,2.7827,2.1756,3.2144,1.9234,0.0000,0.5102,1.1451,2.8874,2.0200,2.2119,0.0000,0.0000,0.0000,2.8202,1.3512,1.9546,0.4131,0.3788,0.9806,2.6326,0.0000,1.6395,0.1389,1.9180,5.4254,5.5236,6.3476,5.0382,5.2637,5.5606,5.4741,3.1836,3.7493,4.4617,2.8032,2.7543,3.5058,2.9307,0.0000,0.7058,0.4451,1.8097,3.3293,0.0000,0.0000,0.3284,1.1426,0.0000,2.0396,0.0000,0.8509,0.0000,2.2536,3.0281,0.0000,0.9716,0.3743,1.1485,1.9820,4.9323,4.6945,5.3340,5.4366,5.2390,5.5004,5.3030,3.1879,3.4809,4.6723,2.9922,1.6003,3.7082,2.9555,1.7565,1.5654,2.4244,1.8996,2.6440,0.0000,0.2478,0.0000,0.3896,1.1767,1.4333,0.0000,0.9223,1.8417,1.3348,1.4433,0.0000,1.2414,3.8859,5.1802,5.7585,6.0787,5.4215,5.3824,5.1666,5.0761,3.1585,4.2403,2.5124,3.3211,0.1653,1.0734,0.9126,1.7595,1.8895,2.2848,0.0000,0.0000,0.0000,1.3925,0.9947,1.1496,1.1616,2.3671,1.5466,0.2017,0.5120,2.0201,1.5498,5.6871,6.0353,5.7028,5.2469,6.0418,5.1594,4.7750,2.6081,3.0475,1.8540,0.0000,1.1511,2.6874,1.1319,1.0467,0.3627,1.4794,1.2025,0.0000,1.9103,2.4240,0.8850,0.4774,0.9319,1.3400,0.0000,5.5295,5.0264,4.3382,2.9108,1.1108,5.9523,5.3028,5.1905,6.0336,5.4586,5.3137,5.7616,5.3083,4.6114,3.0538,3.6197,1.1507,1.6289,1.5275,3.1766,0.0000,0.0000,0.0000,1.5439,2.0617,0.0000,0.8025,3.0993,1.5279,1.3506,1.2678,1.1676,0.0000,5.7346,6.1274,6.1680,5.8241,5.7189,5.3390,4.0656,4.3296,4.1988,3.9014,0.3532,3.3718,3.2721,1.0828,2.1051,2.5566,2.1557,0.0000,0.9173,0.0000,0.8493,0.8578,1.4610,0.9910,1.7361,0.6487,0.0000,1.9075,2.1610,0.7027,0.8033,2.2005,2.1501,5.0372,5.7655,5.0180,5.4007,4.7354,4.6785,3.9861,4.9355,4.2490,4.0753,2.1088,3.1393,0.5584,1.0810,0.0000,1.1914,2.9560,0.0000,0.0000,0.0000,2.9176,2.5527,1.5229,0.0000,1.5964,2.2677,1.8846,0.0000,0.5747,1.8839,0.1943,5.4974,5.5246,5.4694,6.1707,5.7883,5.0916,3.8926,4.4238,4.6263,3.4621,1.5204,3.3100,1.3114,4.5733,1.4284,2.3231,1.5126,2.3300,1.3912,2.0522,0.0000,0.6436,0.0000,0.0000,0.0000,1.3382,1.5163,0.4270,2.4317,0.0000,0.9448,2.8512,1.5318,0.3811,0.2881,1.9896,2.7677,4.8649,5.2183,6.0286,6.2683,4.6741,5.8049,5.1060,4.3898,5.3113,3.1268,3.9214,3.5226,2.3917,1.6574,0.0000,2.0182,1.6334,1.8974,0.0000,1.9772,0.5584,1.4707,0.4521,0.6289,0.5475,2.2099,0.2118,0.1279,2.5978,0.3512,0.5866,1.4657,2.2589,0.2936,5.3312,4.9081,5.3049,6.1427,5.9391,5.8125,5.4190,5.0736,3.7967,4.4547,5.3466,3.7773,0.0000,4.0354,2.9751,0.0000,1.7630,2.0215,2.2488,2.0778,3.1817,0.0000,1.8833,0.0000,0.0000,2.2146,2.2691,0.0000,0.0000,0.5705,2.8440,1.6380,1.9895,1.0347,0.1896,4.3164,4.3837,3.2643,3.9807,4.5733,4.5310,3.6822,3.2081,3.7407,3.8671,2.7751,2.5038,4.4526,2.5939,0.5052,2.8003,0.1855,3.4388,0.0000,0.1663,1.5201,3.1901,0.0000,1.3389,0.0000,2.3803,2.1221,0.4996,2.5767,2.3553,1.7856,0.0000,3.5214,4.2701,2.9924,3.8679,3.8931,4.4958,3.5252,3.1371,3.1231,5.0887,3.0424,3.6575,1.9360,0.0000,1.3546,0.3948,2.3387,2.4575,0.0000,0.0000,0.0000,0.0000,0.0000,0.7135,0.7782,1.9961,1.9163,2.1633,1.0350,1.1202,1.0120,0.0000,0.4695,3.3386,3.4946,3.2918,3.7368,4.6625,3.9635,4.2095,4.3675,4.4511,5.5703,4.3686,2.1299,4.9086,4.5939,6.1952,2.7762,2.9532,4.7859,4.2515,1.2179,2.5093,1.9606,2.6987,0.0000,0.6736,0.6927,1.9847,3.3580,2.9329,0.8108,0.0000,1.5638,1.1229,1.6201,4.5533,4.1558,4.0664,3.9749,4.7763,4.7030,3.0100,3.3854,4.0283,2.5297,1.9008,2.2451,0.0000,1.9897,1.5033,0.3246,1.0709,0.0000,0.0000,1.2009,1.0498,0.9230,1.1438,0.7927,1.6827,0.6456,0.3999,0.8496,1.5194,4.4871,4.2242,4.6160,4.6525,4.4971,5.9671,3.7160,3.8022,4.2733,4.6694,3.7561,0.8347,2.5285,1.7148,1.6992,2.0633,2.7040,0.0000,1.9424,2.0700,0.4513,1.8237,1.3390,2.6184,1.5327,2.1407,1.6921,2.3549,2.9933,1.8239,1.4091,2.4842,1.2490,0.0000
279037283,5.1905,5.4409,5.5720,6.4271,5.7184,5.3798,5.3221,4.8869,3.4357,4.0050,4.7027,2.3163,1.8374,3.0948,2.1596,0.5765,0.7021,1.6441,1.9225,1.5729,2.0730,0.0000,0.5007,0.0000,0.5497,0.7703,1.5312,0.4319,1.1898,1.9058,2.2498,0.9253,1.4562,1.5678,0.5540,5.6786,5.5357,6.4205,5.3783,5.2039,5.0577,5.3586,3.3634,3.9265,4.0875,2.5543,2.9209,3.1801,1.9274,0.0000,0.7324,1.0491,1.7220,2.4407,0.0000,0.0000,0.0000,0.4785,0.5078,2.2855,0.5328,1.5943,0.0000,1.0071,3.2410,0.6691,0.2703,0.2536,1.6087,1.3038,5.2387,4.8399,4.9561,5.5487,5.0374,5.3383,5.2541,2.8397,3.7737,4.4520,3.0814,1.1050,3.9839,2.3277,1.5874,1.9533,1.9889,2.0304,1.8439,0.5458,1.2469,0.0000,0.9890,1.2864,0.3456,0.1211,1.6919,2.5114,1.2907,0.5183,1.1304,1.3550,3.8073,5.0675,5.6222,6.6437,5.6367,5.1952,5.0848,5.3924,3.7397,3.9470,2.5849,3.6613,2.0946,1.3421,0.4263,2.0561,1.9530,1.8321,0.0000,0.4192,0.7519,1.0018,1.0699,0.0000,0.9769,2.3185,0.8346,0.9080,1.2862,0.7426,2.4045,5.4984,5.9181,5.8501,5.2282,5.7151,5.2075,4.5727,2.3872,2.8715,0.6709,0.4393,0.9243,2.0862,1.0916,1.4555,0.3085,0.8806,1.5287,0.0000,1.6233,2.0208,1.5275,1.1305,0.6363,1.2317,1.7197,5.7729,4.8708,4.1090,2.9958,0.9470,5.8668,5.5328,5.3018,6.1649,5.6474,5.3718,5.2136,5.2265,4.6119,3.6490,2.6874,1.2961,1.2251,2.2277,2.6524,0.0000,0.2207,0.4091,2.1256,1.5336,0.0000,0.4533,1.5142,1.4641,0.8031,1.5509,0.8110,0.3161,5.6175,6.2502,5.8606,5.6514,5.4346,5.3718,4.1603,4.3496,4.0682,4.1477,1.1080,3.4747,3.2192,1.4927,1.3694,1.8265,2.3237,0.0000,0.8438,0.2580,0.0000,1.1349,1.8234,1.4903,1.5752,0.9420,1.9469,1.9082,1.5848,0.5402,1.6977,1.1451,1.6611,5.0083,5.9890,5.4112,5.2342,4.4414,4.6337,4.0054,4.7160,4.0893,3.6506,1.4359,2.7870,0.3287,1.3696,0.0000,1.5071,2.5318,0.4830,0.0000,0.3892,2.2949,2.0880,1.2418,0.0000,1.2676,2.3244,1.5093,0.0000,1.3960,2.0971,0.3183,6.0023,5.7990,5.7007,6.0582,5.6923,4.9145,3.4061,4.5096,4.6058,3.4092,1.9528,3.3025,1.4813,4.4441,0.8147,2.8646,0.5655,1.8971,1.9790,2.3754,0.0000,0.4334,0.0000,0.3921,0.0000,1.6646,1.9586,1.0487,1.7028,0.3590,1.4133,2.3202,1.0687,1.6354,1.0517,1.6489,2.0073,4.8574,5.4436,5.9587,5.9568,4.6416,5.4470,5.0536,4.3219,5.4736,2.8967,3.5877,3.3913,2.0579,2.2049,1.0349,2.3671,1.1053,1.9485,0.0000,0.7271,0.3287,0.7643,0.0000,1.8224,0.4101,2.1072,0.7270,1.2087,2.7439,0.4725,1.6465,1.2770,1.5596,1.0569,5.4714,5.1449,5.4543,6.1165,6.0011,5.5488,5.2876,4.5626,4.1781,4.3226,5.4655,3.5169,0.3581,4.2243,2.5120,1.0795,1.6741,2.0895,1.9356,1.0673,2.5038,0.0000,0.4524,1.0795,0.3294,2.5957,1.6674,0.4119,0.0000,0.9296,2.6144,0.5371,1.5314,0.5749,1.7939,4.2167,4.8966,4.0308,4.2382,4.4441,4.4416,3.6017,3.5797,3.6799,3.3692,2.5761,2.5774,4.3772,2.0571,0.3322,3.1086,1.4020,3.2618,0.0000,0.7784,1.9582,2.7989,0.4457,1.2217,0.0000,2.1209,1.9171,1.9590,2.3470,2.2912,1.9258,0.0000,4.0404,4.1957,3.1659,3.8404,4.2663,4.7333,3.6415,3.0592,2.3450,5.0631,2.6969,3.6352,2.1835,0.3060,2.3891,0.5960,2.1043,2.4631,0.0000,0.5765,0.4147,0.0000,0.1814,0.9282,1.3338,0.8255,1.1769,2.2445,0.8144,0.4584,1.4454,0.5283,0.5472,3.9785,3.5920,3.8328,3.4305,4.6328,3.6983,4.3126,4.2658,4.6121,5.2789,3.6550,3.5709,4.5686,4.2041,5.9944,2.5190,3.1117,4.9304,4.3192,1.3097,3.0736,1.8752,3.4918,0.5061,0.6516,1.2978,2.6274,3.0331,2.5726,1.4522,0.0000,2.2585,1.9881,1.5117,4.2152,3.9199,3.9452,4.1508,5.2428,4.3342,2.6265,3.5187,3.9463,2.6634,1.1586,1.6896,0.3862,1.9001,1.8131,0.9606,1.8449,0.0000,0.1942,0.1916,0.3321,0.5310,0.9356,1.1044,0.7478,0.0000,0.6688,0.4909,1.8856,4.1265,4.4000,5.2497,4.6247,4.5593,6.2394,4.0408,4.2583,4.3822,4.9151,3.2603,0.2838,2.2513,2.3656,2.3540,1.9863,2.4321,0.0000,1.5035,1.7791,0.3115,0.4307,1.6894,2.6417,1.5595,2.2994,0.8385,1.8272,2.7010,1.5410,2.3584,2.1723,1.5714,0.0000
279037288,5.1593,5.6537,6.1069,7.0449,6.1079,5.5239,5.8938,4.5964,3.7045,4.6573,4.7579,2.8723,1.8637,3.0018,2.2457,0.0000,0.7093,0.3294,2.0777,1.1556,2.8319,0.0000,0.1287,0.0000,0.6207,0.5943,1.6520,1.6803,0.0000,1.7464,3.8662,1.3810,1.3703,1.4802,0.0000,5.5386,5.8166,7.0636,5.6244,5.4671,5.4680,5.0787,3.5593,4.5482,4.1046,3.1080,3.1471,3.2663,1.8461,0.0000,0.9175,0.7401,0.8989,2.4534,0.0000,1.1788,0.0000,0.2014,0.6970,1.4073,1.1179,2.0554,0.0000,1.3144,2.8860,1.2838,0.5624,1.0885,1.5367,2.0355,4.8625,5.4963,5.2286,5.7427,5.6267,5.3184,5.0601,3.2459,4.3328,4.8785,3.1698,0.6831,3.7958,2.2292,1.4686,1.4798,1.6001,2.3476,2.5674,0.0000,0.3373,0.0000,0.0000,2.0888,1.3936,1.0641,2.2835,2.0032,1.4821,0.5568,0.9596,1.3783,3.6724,5.2639,6.0207,7.0970,5.8393,5.5632,5.4548,5.3427,4.0638,4.1800,2.8084,3.9888,1.6964,1.2710,0.0000,0.3600,1.6308,2.0452,0.0000,0.0000,0.0000,1.1855,1.1369,0.0000,1.7545,1.7529,1.4296,0.7237,0.2958,0.0000,1.3828,5.8911,6.4996,5.8912,5.5598,5.9796,4.9711,5.1344,2.5701,2.9750,0.9654,0.0000,2.4796,2.2980,0.2899,0.0000,0.0000,1.9236,1.6581,0.0000,0.5027,2.7437,0.6135,0.2726,0.8339,2.0662,0.0000,5.8560,5.7106,4.0287,2.8204,0.4725,5.7845,5.9833,5.9480,6.8550,5.7046,5.3104,5.8372,4.9218,4.9728,3.4381,3.2554,1.5396,2.6928,2.7409,3.0647,0.0000,0.9009,0.0000,1.9452,1.6189,0.0000,1.4283,2.6911,0.9476,1.1957,1.2221,0.8189,0.8784,5.7759,6.9912,5.7139,6.1019,5.8136,5.0414,4.3739,4.9560,4.7597,4.4709,1.4645,3.3808,3.2166,0.1400,2.5128,2.1682,2.8206,0.0000,1.3805,0.2928,0.5679,3.1082,1.5207,2.0194,2.0479,0.0000,1.6530,2.4287,2.2828,1.5628,0.9334,1.5253,1.9917,5.5943,6.3159,5.4908,5.6302,4.7134,4.7317,4.3896,5.4740,4.3639,3.9497,1.5716,2.9210,0.0000,1.8230,0.0000,2.0127,3.0733,0.6649,0.6052,0.9351,1.8340,1.9154,0.9529,0.3758,1.7675,1.9613,1.0285,0.0000,1.6254,1.8652,0.0000,6.4221,5.7842,6.0021,6.8873,5.9324,5.3273,3.6360,5.0637,4.6708,3.4942,1.8248,3.0975,1.7806,4.9331,0.3399,2.5875,0.2782,1.5816,1.2918,3.1859,0.0000,0.6002,0.0000,0.0000,0.5441,1.8556,0.6762,1.6909,1.5696,0.4057,1.5952,2.4607,0.5607,2.0529,1.8020,1.6467,2.4028,5.0950,5.7171,6.7015,6.1162,5.1113,5.8715,5.4259,4.5634,5.4600,2.6153,3.6707,3.3877,0.9172,2.7626,0.0000,2.6259,1.2863,2.4624,0.0000,0.0000,0.0000,0.0000,0.0000,1.9401,1.3017,2.4845,0.0000,0.9407,2.6952,1.1611,1.6960,2.3314,1.8008,1.1490,5.8058,5.8966,5.8074,6.7581,6.1622,5.8334,5.6179,5.0554,4.4602,4.9190,5.2072,3.4383,0.5093,4.1433,2.8789,0.0000,0.9658,2.3120,2.3366,1.7207,3.0110,0.0000,0.0000,0.0000,0.1345,2.2518,0.9673,0.7741,0.5183,2.0017,2.0763,0.8455,1.8481,1.2856,0.9180,4.1105,5.4900,4.4560,4.7866,4.9331,4.8367,4.1755,3.1900,4.1290,3.2175,3.3768,2.8742,4.3623,2.0127,0.5651,2.4543,0.8572,3.6254,0.0000,0.8260,2.2410,2.9727,0.9426,0.8933,0.0000,2.1689,1.5815,0.5948,2.5054,2.8994,2.2830,0.0919,4.0661,4.9602,3.6049,4.1478,4.6745,5.0105,3.6851,3.3200,2.3586,5.1215,3.2099,3.6528,2.2817,1.0311,1.7637,1.1811,1.4875,2.6794,0.0000,0.0000,0.0000,0.6444,3.0606,0.0000,1.4601,1.9695,0.2534,2.2606,1.8691,1.2681,1.5284,1.0367,0.0000,3.6351,4.0824,3.7329,3.7253,4.7952,4.1592,4.5637,5.0405,4.5748,5.1423,3.9688,3.4970,5.1450,4.9808,5.8093,2.3260,3.0255,4.7458,4.6072,1.1640,2.4952,2.3814,4.3595,0.0000,0.3148,1.0261,2.2772,2.8154,2.4931,1.1857,0.7598,2.1020,1.7045,0.4217,3.8570,4.3880,4.3134,4.8359,5.2437,4.5757,3.4424,4.0941,3.6700,2.6934,1.0466,2.0252,1.3988,1.3293,2.3035,0.8260,1.6083,0.0000,0.4232,0.5041,1.4662,0.7868,1.5940,1.9319,1.7209,0.0000,0.0000,1.2613,0.1303,3.7829,4.9586,6.1533,4.6838,4.5940,6.4365,4.3240,4.2975,4.2274,4.9068,4.1590,0.8902,2.6565,2.7842,2.0876,2.3048,3.0792,0.0000,1.9104,2.1845,0.6469,1.3430,3.0516,2.2518,2.3758,2.3871,1.7363,2.0163,3.4620,1.9033,2.1925,2.1746,1.9907,0.0000
279037293,5.5060,5.6700,6.2387,6.8686,6.3616,5.5290,6.0903,5.3180,3.6831,4.7078,4.7805,3.3233,2.0172,3.8962,3.9148,0.0000,2.9518,0.6522,3.3867,3.2841,3.2310,0.0000,2.4791,2.3044,1.4240,1.6659,2.2199,2.2498,0.5769,3.0677,3.8847,2.4437,2.6606,1.5510,1.7189,5.2788,5.9985,6.9607,5.9122,5.4794,5.8429,5.3277,4.1543,4.1409,4.3560,3.6313,3.3506,4.4508,2.9643,1.7743,3.7643,1.8706,3.3728,3.2073,0.0000,2.6529,0.3150,0.5962,0.7903,2.8030,3.2714,2.8573,1.4119,1.9381,3.8305,1.1188,1.1644,1.7863,2.6014,3.1116,5.4281,5.3625,5.4231,5.8323,5.5115,5.8833,5.5785,3.4623,3.9336,5.4390,3.7360,2.1040,4.5394,3.5393,3.6405,2.7911,3.3188,3.0631,3.5173,0.0000,0.0000,0.0000,2.6239,3.0757,2.4938,0.5929,2.5819,1.8698,2.4890,2.6235,1.7075,3.2208,3.8735,5.2997,6.1862,7.2687,6.1851,5.2524,5.5985,5.5411,4.3470,4.8854,3.5180,4.6180,3.9021,2.0775,1.9730,2.1268,3.0424,3.0478,0.0000,0.0000,0.8629,2.8626,2.6606,1.7708,2.7569,1.8599,1.3838,2.2881,3.2012,2.1149,1.8566,6.1111,6.4577,6.2378,5.4455,6.1179,5.6986,5.3429,2.7545,3.9014,3.1122,0.0000,2.4326,3.5526,1.8950,0.0000,1.4168,3.3581,2.5548,0.2074,2.0981,3.0670,1.5994,1.9746,2.2929,3.1908,1.1507,5.8173,5.6182,4.5555,3.6478,2.5443,5.9120,6.0496,5.9599,6.6608,6.1038,5.6899,6.2680,5.5494,5.0715,3.1317,4.4215,2.7341,3.1046,3.5197,3.9852,0.0000,1.8521,1.1512,3.3717,2.8040,0.0000,2.0705,3.7467,2.0437,1.5247,3.0375,2.0981,2.8084,5.9134,6.8356,6.1404,6.1485,6.0710,5.4400,4.2828,5.0246,4.6032,4.6276,2.9288,4.0926,3.9203,3.2875,3.6298,2.7792,3.2466,0.0000,2.8441,0.8346,0.5790,2.6217,3.3423,3.1295,2.5809,0.6429,2.7871,3.1595,2.7475,1.4305,2.6573,2.7936,3.1957,5.5107,6.7384,5.7215,5.8066,5.0837,5.2766,4.7825,5.2059,4.6307,4.1132,2.8950,3.3999,1.0186,3.5646,0.6694,3.0135,3.5380,0.9518,0.0000,2.2844,2.3167,2.4770,2.7581,0.0000,2.8635,3.1380,1.9202,2.1610,3.3885,3.1326,1.6187,6.1291,5.8186,6.2437,6.8023,5.9328,5.3019,4.2136,5.2541,5.0477,3.9983,2.8683,3.8605,2.9050,5.0668,2.8254,3.7377,2.7641,2.7281,2.6738,3.6933,0.0000,0.4895,0.8306,2.3133,1.6562,3.4698,3.2214,2.5098,3.1233,0.8410,3.2369,2.8723,2.0437,3.2417,3.3591,3.0367,3.2055,5.5292,5.7093,6.6227,6.2269,5.1194,6.2610,5.6721,4.8669,5.7637,4.3406,4.1649,4.2372,3.6382,4.4032,1.6611,3.9927,2.7578,3.4291,0.0000,1.3914,1.0186,1.2140,3.7149,3.7419,2.3030,2.3119,0.5914,2.6944,3.5274,2.1343,2.2724,2.9442,2.8197,3.2309,5.6424,5.7105,6.0065,6.5853,6.2435,5.8862,5.8727,4.9584,5.0025,5.0414,5.1993,3.4459,2.5150,4.5294,3.7817,0.4492,2.7148,3.7229,2.7742,3.1916,4.1123,0.0000,1.9599,0.4492,1.4548,2.9722,2.9112,1.9692,0.7052,1.8063,2.9791,2.2274,3.2732,2.2973,2.8280,4.1411,5.5222,4.1804,5.1942,5.0668,4.7588,4.5724,3.7355,4.2918,3.1502,3.6547,4.1036,4.7929,3.2172,1.0029,3.5911,2.5662,4.8717,0.0000,0.0000,3.5735,3.2493,2.2075,0.6192,1.2541,3.5406,2.3851,2.1281,4.2307,4.1715,3.3581,1.1027,4.4226,4.5845,4.1933,4.8289,4.8975,4.8511,4.2940,3.6588,2.6808,5.3494,3.7452,4.5020,2.2934,2.3756,2.8840,0.0000,3.5693,4.0187,0.0000,0.0000,2.7647,2.0892,3.4051,2.2024,1.3492,2.7123,2.3527,3.4207,1.8086,2.7285,3.1464,1.3105,3.2196,4.0043,4.1032,3.6671,3.5978,4.6060,4.4674,5.7108,5.1180,5.0629,5.4497,4.3566,4.0620,5.3596,5.2563,6.2221,3.8580,3.7702,5.4916,5.4137,2.0610,4.1042,3.5108,4.3826,0.0000,3.4586,1.6523,2.6733,4.8746,3.7982,2.3609,3.3541,4.3030,3.5073,3.9245,4.3073,4.6928,4.7850,5.5457,5.8933,5.3188,4.4663,4.8353,4.3055,4.2903,3.2073,4.0804,0.9492,1.8402,1.2635,1.8938,1.9194,0.0000,0.5584,1.7624,2.2741,2.0331,1.5605,2.1812,0.5152,0.8568,1.1732,1.0438,0.8367,3.8346,4.9397,6.4037,4.9810,4.7880,6.9202,4.5514,4.7591,5.5568,5.6492,4.9474,1.8673,3.3905,2.2899,2.3955,1.8176,2.9101,0.6251,2.2313,1.9235,1.5941,1.4878,1.9125,2.4732,2.5616,2.8520,1.4832,2.7507,3.4911,2.4587,3.2819,3.1897,1.9584,3.3005
279037298,4.4707,5.6282,6.1905,6.9392,5.8325,5.3480,6.0467,4.6892,3.5141,4.6904,4.3951,3.1277,1.7631,3.8733,3.6479,0.0000,3.2011,0.6788,2.8085,3.1219,3.6593,0.0000,1.4818,1.6951,1.2533,0.5046,2.5341,2.5697,0.2752,2.7035,3.0624,2.6984,2.3207,2.6531,1.2788,5.1370,6.0889,6.8234,5.6544,4.8361,5.9084,4.8636,4.3188,4.6198,3.8695,3.5937,4.1591,3.7554,3.9535,1.6494,3.1919,1.7742,3.8953,3.4261,0.0000,2.2499,0.4429,1.2807,1.3399,2.3220,2.9282,3.4139,1.6450,2.4279,3.2663,1.8507,2.2312,2.5470,3.3860,2.9589,4.5903,5.1045,5.4967,5.5594,5.3615,5.8779,4.9073,3.4216,3.9094,5.2560,3.0421,2.5603,4.1262,3.7778,3.4548,2.0032,3.6309,2.9023,3.4592,0.0000,0.0000,1.6186,2.2568,3.2093,2.2596,0.0000,2.6766,1.8701,2.3526,3.4037,2.4563,3.5353,3.6019,5.2516,6.0843,6.9935,5.7131,5.3785,5.7974,4.8546,4.1748,4.5833,3.3968,4.0895,3.3741,2.5853,1.8630,2.0147,2.7652,3.0107,0.0000,1.4145,1.5130,3.0823,2.4977,1.5332,2.8914,2.4473,1.7613,2.3618,3.0575,3.0328,1.6914,6.2448,6.4838,5.8932,5.3215,6.4124,5.3093,5.3329,2.5140,4.6942,3.4252,0.2975,2.5362,3.8041,1.6929,0.4117,2.2666,3.6764,2.9821,1.2583,1.7477,3.2983,2.6114,3.4068,2.9104,2.9407,2.4218,5.1482,5.3473,4.3820,4.0091,2.1598,5.5311,5.9695,5.9654,6.7012,5.5761,5.5714,6.2530,5.3927,5.1276,3.6529,4.2926,3.1589,3.7807,3.2737,3.8926,0.0000,1.0384,1.2082,4.0336,3.1364,0.6975,2.6158,3.5484,1.7155,1.9731,3.0489,2.4784,2.8209,6.0887,6.8467,5.6954,5.9717,6.1621,5.0839,4.5271,5.0448,4.2300,3.5880,1.5559,3.9257,4.3627,4.0369,3.5460,2.4263,3.9727,0.0000,2.5916,0.0000,1.7498,1.5389,3.5306,3.1799,2.9466,1.3787,3.3724,2.8520,2.4499,3.5430,2.9043,3.1258,3.0647,5.5613,6.5874,5.2643,5.6072,5.3638,4.8917,4.5659,5.2683,4.5321,3.7400,2.6330,3.8375,2.0092,3.8177,0.4771,3.3309,3.8716,0.8872,0.0000,2.5170,1.8415,3.8074,2.6371,0.0000,2.6661,3.0132,2.0223,2.3597,3.0964,3.3876,1.4866,6.0337,5.2926,6.2643,6.9161,6.0205,5.3075,4.2642,5.2383,4.9731,3.8156,2.7369,4.1013,3.5181,4.5833,3.0123,3.2638,1.5326,3.1283,2.5782,4.0532,0.0000,1.6588,0.0000,1.3949,1.7632,2.8723,3.1842,2.5382,2.4155,0.5313,3.1450,3.0571,2.8424,3.4042,3.1944,2.8195,2.9977,5.0186,5.4730,6.6940,5.9057,4.8457,6.3325,5.3634,5.1672,5.3336,3.1859,4.2184,3.9853,3.4977,2.8526,1.6023,4.0538,2.6291,3.5672,0.0000,1.8673,2.0092,2.2908,2.1814,3.8378,2.9531,2.9784,1.1870,2.7928,3.1936,1.9846,3.3060,3.3998,3.1696,2.4630,5.1083,5.5934,5.8346,6.6452,5.7267,6.0483,6.1269,4.5606,4.7539,5.1423,5.0197,3.8466,2.1380,4.4574,3.7889,0.5545,2.8127,3.2210,3.8865,2.3282,3.9867,0.0000,1.5630,0.5545,0.8872,0.7141,3.2812,1.7489,1.0051,3.1195,3.1515,2.6454,3.2316,1.9420,2.9759,4.0650,5.2179,4.0616,4.8779,4.5833,5.0084,4.2352,3.4289,4.3755,2.7984,3.6327,3.2020,4.8378,3.5988,0.4718,3.0915,2.3585,4.6469,0.0000,0.4789,3.9330,3.0341,3.0759,1.1305,0.4974,4.3394,2.7507,2.1439,4.1434,4.3811,3.7895,0.3034,3.9249,4.5576,3.8967,4.5152,4.4559,4.6594,3.9862,3.2650,2.7192,5.0925,3.2986,4.4307,2.6730,1.5966,2.4982,0.7833,3.6427,3.7834,0.0000,0.0000,1.5452,2.0966,2.5034,2.4359,1.7931,2.9405,3.0739,3.5184,2.1825,3.5840,3.3181,1.8463,3.3303,3.4794,4.1731,3.2429,3.8084,4.1545,4.0189,5.5984,4.9775,4.7042,5.5282,4.3879,4.0378,4.9438,5.2974,5.7788,3.8040,3.5122,5.1832,5.7131,2.1805,3.8605,3.9347,4.7604,0.4095,3.4222,2.2040,3.4884,4.5365,3.2237,2.6395,3.7973,4.5432,4.2171,3.2808,3.9097,4.9397,4.8563,5.3796,5.6853,5.7574,3.7507,4.8829,4.4890,4.4969,2.7708,4.2704,1.2484,1.5072,2.3507,1.1126,2.6102,0.0000,1.3345,2.5023,2.6902,1.2107,2.3481,2.0036,1.1909,0.8459,1.3779,1.4091,1.0939,3.5814,5.1565,6.0687,5.1363,4.7571,6.5331,4.3535,4.5178,5.5091,5.4273,4.9856,0.8695,3.2386,3.2008,2.9427,1.9196,3.2353,1.6174,2.4914,2.3216,2.3369,2.0304,0.9437,2.6138,2.7172,2.9965,1.3298,3.0093,2.6978,2.9092,3.9767,2.8956,2.7425,3.2134
279037303,5.4848,5.8611,6.2073,6.9323,6.2778,5.7789,6.0621,5.4911,3.8408,4.7366,5.3436,2.9235,2.7949,3.7318,3.3032,0.5816,3.3116,1.5692,3.2827,2.6275,3.5459,0.2435,0.6833,2.0722,1.6732,3.1318,2.6620,2.6051,1.2057,2.6112,3.6363,2.9682,2.6588,2.8357,1.7895,5.8516,5.8690,6.8679,5.7249,5.6036,5.8293,5.6817,4.1992,4.6650,4.5791,3.5149,3.8772,4.3366,4.1686,0.0000,2.7260,2.1628,3.5111,4.2062,0.0000,0.9012,0.3705,1.5009,2.0398,2.9166,3.5584,2.9662,0.7863,2.6782,3.1330,2.2684,2.0290,2.4686,2.7141,3.0562,5.2529,5.3888,5.4504,6.0611,5.9005,5.7118,5.7281,3.5160,3.9010,5.9245,3.9651,2.9452,4.8969,3.3093,2.9673,3.6764,3.6491,3.1107,3.9434,0.0000,0.9048,0.4961,2.9271,3.6211,2.5376,0.0000,3.2303,3.5292,2.7936,3.0835,2.8637,2.6754,4.1015,5.3766,6.0298,6.6307,6.1084,5.9308,5.3432,5.6805,4.2980,4.1119,3.5368,4.7900,3.2233,2.8096,0.0000,2.7900,2.4333,3.5002,0.0000,0.6263,1.7500,3.1031,3.1079,0.9725,2.8048,2.8747,1.9881,2.2421,2.8384,2.6451,2.8914,6.0589,6.3829,6.2979,5.7302,6.3799,5.7231,5.1943,3.3381,4.5886,3.1917,0.2855,2.9605,3.8750,1.2640,1.3522,1.8332,3.2614,3.0575,0.0000,1.9003,3.2595,2.5438,2.8096,2.1973,2.7390,2.5826,5.9692,5.4275,4.9124,4.0814,2.2130,6.0336,6.2830,5.9956,6.6513,6.0800,5.8126,6.0039,5.9197,5.0244,4.0166,4.3306,3.2755,3.8993,3.4477,4.2272,0.5528,0.6644,2.7337,3.5266,2.4522,0.4538,3.2710,3.7618,2.2125,2.2784,2.5822,2.3620,2.8412,6.0793,6.6744,6.5666,6.4046,5.9698,5.7923,4.2237,4.6742,4.8576,4.7866,2.5574,4.4552,4.3419,3.1630,3.6439,3.0575,4.0610,0.0000,1.7831,0.5869,2.2588,2.8056,3.4815,2.2983,3.7915,0.9303,3.5901,3.1693,2.7982,2.5567,2.9512,2.5445,3.4592,5.5224,6.3690,6.1088,5.7200,4.9531,5.2447,4.5786,5.2769,5.0531,4.4043,3.0385,4.1137,0.0000,2.9740,0.5066,2.9826,3.8766,0.0000,0.9545,2.3040,2.3402,3.7956,2.3260,0.9821,2.8772,3.5344,1.7162,1.6618,2.7285,3.2480,2.1677,6.3089,5.9735,6.0711,6.6234,6.2853,5.5548,4.1941,4.9892,5.3463,4.0309,3.1525,4.2212,3.2913,5.1412,3.0237,4.5538,1.3713,2.7907,3.1910,4.0777,0.9704,0.8854,0.3960,1.1035,1.3797,3.1344,2.9519,2.7355,3.1548,0.0000,3.1047,3.7889,2.3356,2.8059,3.1139,3.0456,3.5745,5.2184,5.7209,6.6156,6.6484,5.4111,6.3243,6.0007,4.8772,6.1791,4.1016,4.6878,4.4039,3.6051,4.3432,1.5495,3.3889,2.8220,4.0830,0.0000,0.2582,0.0000,1.7899,3.0735,3.9853,2.5428,3.8426,0.9416,2.5839,4.0896,2.5688,3.2661,3.0849,3.2393,2.1210,5.7662,5.7801,5.8504,6.5786,6.5467,6.1971,5.9711,5.4221,4.6394,4.9101,5.6996,4.4214,2.2842,4.9320,3.9427,1.4775,2.5867,4.0482,3.6186,2.6690,3.6554,0.0000,2.0390,1.4774,1.0855,2.6099,2.3385,2.3060,0.0000,2.6940,3.6053,1.9941,3.0478,2.4481,3.3142,4.4811,5.2069,4.1703,4.9607,5.1412,5.2503,4.2497,3.9548,4.2707,3.8677,3.6168,3.2801,5.3638,3.1286,0.8362,3.8554,1.1044,4.6300,0.2877,0.9377,3.7810,4.4235,3.1544,1.8067,0.9477,4.5563,2.7778,2.5744,4.1001,4.4383,3.9461,0.6627,4.0219,4.5460,3.6421,4.4829,5.1874,5.0306,4.2606,3.3845,2.9531,5.8433,3.6999,4.7740,2.9015,2.3967,2.8510,1.2629,3.1587,4.2173,0.0000,0.5816,1.1658,1.5394,3.3154,1.8456,2.0602,3.7316,2.8578,3.0919,0.6870,3.4190,3.1169,2.5941,2.6163,4.3637,3.9562,4.2570,3.7121,4.8315,4.0157,5.3628,4.8788,5.3211,5.8310,4.3794,4.5518,5.3422,5.1628,6.6029,3.6201,4.2473,5.7998,5.6594,1.8846,3.6104,3.6973,4.7835,1.0520,3.3389,2.8904,3.2652,4.5951,3.4006,2.7000,3.5984,4.3276,4.0089,3.5042,5.0874,4.8646,4.7864,4.9268,6.1496,5.5123,4.1450,4.6858,5.0985,4.8999,3.3672,4.0711,1.7200,2.0425,2.8596,1.8967,2.0866,0.0000,0.5641,1.5035,2.1335,0.9735,2.2096,1.8786,1.4430,1.5627,0.7247,1.5085,1.7189,4.4062,5.0686,6.3243,5.3103,5.2742,6.7961,4.3671,5.0584,5.6465,5.5940,4.9146,1.8247,3.2129,3.4702,2.9003,2.7209,3.3414,1.0445,2.6098,3.0615,2.4074,2.5122,2.7982,2.7941,2.9946,3.2154,2.2494,2.9074,3.4362,3.1078,2.8100,3.3914,2.6928,0.0000
279037308,5.2258,5.8578,6.2960,6.8026,6.2727,5.9233,6.2028,5.3723,4.0974,5.1487,5.2106,3.4032,2.9217,4.2593,2.9979,0.0000,3.2100,0.9492,2.7453,2.4340,3.6773,1.4380,0.9943,0.5151,1.1759,3.7917,3.2024,2.7019,1.4689,3.0621,3.1946,2.4315,2.7847,2.4023,1.6837,5.5817,6.0721,7.0767,5.7014,5.6781,6.0674,5.4664,4.0950,5.1324,4.3251,4.1337,3.6090,4.3102,4.0312,0.0000,3.5518,1.1128,2.7568,4.2982,0.0000,0.7110,0.0000,1.0119,1.8092,2.4336,2.4397,2.7049,1.7364,2.7568,3.2988,2.4952,2.1761,2.5908,2.6896,3.0735,5.0233,5.4446,5.6242,5.7868,5.7025,5.8804,5.3953,3.9268,4.3507,5.7242,3.8072,2.3872,4.6794,2.9782,3.6219,2.8977,3.3741,3.3188,4.0871,0.7836,0.5076,0.0000,2.1678,3.1588,2.5772,0.0000,3.2203,2.6107,2.7177,3.1854,2.3625,3.0911,4.2179,5.6161,6.0576,6.8238,5.9610,5.6977,5.7270,5.4877,4.5340,4.4343,3.1752,4.1861,2.9159,2.7527,1.1417,3.3759,2.8733,3.4967,0.0000,0.7569,1.0544,2.0471,2.3976,0.0000,3.1665,2.6518,1.9771,1.8079,2.8684,3.1519,2.8787,6.2163,6.5656,6.0212,5.5439,6.3234,5.6706,5.1034,3.0838,4.8625,2.4070,0.6584,2.7839,3.9259,1.2207,0.0000,2.7839,3.0150,2.5843,0.0000,3.2639,2.7237,2.0920,3.1569,2.7712,3.2981,2.6440,5.8999,5.7117,4.6602,4.3307,1.9300,5.7316,6.1446,6.1038,6.8943,5.7633,5.5390,6.0978,5.6031,5.2190,3.8452,4.4239,2.2601,3.8609,3.4357,4.0508,0.0000,1.3842,2.0018,3.5141,2.2128,0.0000,3.5141,3.4534,2.5395,3.4886,2.9975,2.3827,1.8787,6.3643,7.0578,6.0902,6.1353,6.1284,5.8076,4.7341,5.0922,4.8969,4.7014,2.4218,4.2919,4.5397,3.4751,3.9227,2.6581,3.9826,0.0000,0.0000,0.3760,2.2121,2.6203,3.2054,2.6403,2.9276,0.8947,3.2808,2.7741,2.6981,2.3528,2.9893,2.9650,2.9904,5.8070,6.3792,5.6725,5.6253,5.3376,5.1920,4.7003,5.4950,4.6162,3.9875,2.8822,4.0799,0.6151,3.1887,0.0000,2.7651,4.3429,0.9329,1.7100,1.7432,3.0135,2.9340,2.6680,0.0000,3.3138,3.4917,1.7091,2.7166,3.0666,3.4894,1.4739,6.2049,6.1099,6.4977,6.9162,6.0391,5.8295,4.3516,5.3964,4.9038,4.0511,2.7872,4.1608,3.4393,4.9978,3.1629,3.5809,0.7932,2.9600,2.7165,3.8465,0.0000,1.4258,0.2181,1.3908,2.3627,3.3552,1.8846,3.0111,1.8820,0.0000,3.1385,3.8228,2.4719,2.9916,2.8618,3.5446,3.1881,5.1040,6.0028,6.7514,6.3112,5.3559,6.4925,5.6934,5.4140,5.9250,3.5359,4.3949,4.4190,3.6003,4.0329,2.1470,3.5482,1.9398,3.9001,0.0000,0.7944,0.6151,0.5710,2.8052,3.8127,2.7434,2.9803,0.2602,2.6453,3.7339,1.8600,3.0659,2.7636,2.7831,2.0319,5.5358,5.7510,6.0151,6.7449,6.1673,6.0182,6.3271,5.1598,4.9401,5.2854,5.4260,4.3936,1.8075,4.8702,4.0868,0.8750,3.2334,3.6874,3.5459,3.0927,3.9014,0.7070,0.6292,0.8750,1.2970,1.9499,3.1918,1.4731,1.1033,3.2005,2.9453,2.1781,3.4612,2.9373,2.3671,4.3803,5.3829,4.0561,4.7717,4.9978,4.8108,4.2613,3.5616,4.5540,3.4937,3.7870,3.3707,4.8651,3.1772,0.6353,3.4679,1.6759,4.7588,1.1074,0.0000,3.7132,4.2484,1.3849,1.4149,0.0000,4.5360,3.4758,2.1849,3.9983,4.5010,3.9456,1.3671,4.4104,4.7904,4.1041,4.7950,4.8561,5.0486,4.4432,3.9666,3.2367,5.5988,3.4023,4.3160,2.6838,2.6195,2.3952,1.4248,3.2115,4.0293,0.0000,0.0000,1.6888,0.6971,3.9899,0.9209,2.5573,3.2498,2.6325,3.2578,0.5591,3.3561,3.3450,2.4679,1.4039,4.0998,3.9391,3.7769,3.8977,4.8980,4.2273,5.1491,5.1585,4.9953,5.7837,4.6239,4.0479,5.2183,5.5506,6.3239,3.8947,4.3245,5.8072,5.7193,1.6964,3.5851,3.5788,5.2016,0.0000,3.0879,3.8155,3.3841,4.7389,4.2151,3.0294,3.8898,4.3457,3.8747,3.1142,4.5214,4.8065,4.8396,4.8479,5.9953,5.9197,3.7563,5.0925,4.7452,4.3965,3.0507,4.2010,1.4171,2.3599,3.0058,2.2301,0.4888,0.0000,0.7677,1.0934,2.2571,0.7382,1.3960,1.1095,0.0000,0.6714,1.1495,1.8375,2.1133,4.4028,5.0295,6.0663,5.3967,5.2106,6.6883,4.5276,4.5292,5.4584,5.3980,4.9920,1.4998,2.9133,2.7494,2.6305,2.4774,3.4363,0.0000,2.4837,2.8128,1.8324,1.5727,3.4126,2.7836,3.2837,3.3246,1.9844,2.8299,3.9166,2.9472,2.8011,3.3520,2.6701,1.6031
279037313,4.9048,5.7279,6.2102,6.8532,5.8314,5.4642,6.2637,4.8345,3.7381,4.6045,4.7925,3.0927,2.6184,4.0400,2.8386,0.6277,3.0452,1.4024,2.9881,2.7809,3.8692,0.6830,0.9609,0.6303,1.6129,2.4847,2.8690,2.3566,1.3439,3.3526,3.1084,2.6862,3.3300,2.9773,1.6663,5.3740,6.1096,7.0377,5.5428,5.2670,6.1146,5.1545,4.1309,4.6101,4.3470,3.5032,3.9819,4.1439,3.5875,0.0000,2.6233,0.9026,3.1634,4.1525,0.0000,0.3082,0.2150,0.8522,1.6860,3.0202,2.7128,3.2441,1.2052,2.6504,2.5063,2.2829,2.1009,2.8812,2.9737,3.0837,4.7369,5.3039,5.5426,5.4894,5.4924,5.8094,5.0195,3.3640,4.3737,5.3875,3.5247,2.6772,4.5347,3.7642,2.7715,2.5547,2.7394,2.6029,3.6019,0.3445,0.7209,1.7018,1.3472,2.7989,2.1842,0.0000,3.6376,2.7462,2.2914,2.9435,2.1034,2.2224,3.4246,5.4598,6.1885,6.7500,5.7259,5.5331,5.8620,5.1627,4.4254,4.8189,2.9976,4.4303,2.4972,2.7961,1.2965,3.0351,1.7806,3.6146,0.0000,0.0000,1.8553,2.8326,3.0270,0.9458,3.0757,2.1839,2.1306,2.7447,2.4016,2.9732,2.7244,6.2989,6.6525,5.8582,5.4554,6.4970,5.4656,5.1482,3.0585,4.1833,2.7336,0.8887,2.8750,3.9250,0.2798,0.0000,0.9515,2.9963,2.9421,0.6193,3.2057,2.5842,2.4423,3.0505,2.1522,3.4806,0.4985,5.6539,5.5812,4.6005,3.9470,1.3320,5.7172,5.9462,5.9773,6.7633,5.7678,5.5932,6.2390,5.3433,5.2388,3.9693,4.5499,2.4874,3.3764,2.8566,4.2012,0.0000,0.0000,1.5424,3.0493,2.7841,0.1608,3.2080,2.7592,2.0733,2.9398,2.7597,2.8122,2.1625,6.1871,6.8309,5.9707,5.9535,6.4197,5.6135,4.5771,5.0813,5.0883,4.1983,1.5305,4.2148,4.3462,3.1683,3.0983,2.2440,4.0495,0.2837,0.2773,0.4774,1.4564,2.7200,2.5178,2.4481,3.0707,0.8781,2.8113,3.0914,2.4284,2.5107,2.7130,3.0531,2.9985,5.6136,6.3728,5.4036,5.6211,5.2717,4.9512,4.7431,5.4686,4.5834,3.8558,2.6453,4.1440,0.0000,2.4508,0.7594,2.5411,3.8796,0.6171,0.9616,1.7251,2.2800,2.5925,2.8068,0.3422,2.9038,3.2957,1.8721,2.2831,3.0201,3.0158,1.8561,5.8984,5.7750,6.2122,6.9275,6.1290,5.6910,4.5434,5.3766,4.9358,3.9609,2.6692,4.1576,2.8905,4.3421,2.9204,3.6549,0.8199,2.8283,2.6868,3.8704,0.0000,1.0140,0.2696,0.6445,2.3693,2.7370,2.6544,3.1291,3.2574,0.6471,3.0864,3.3216,2.4829,3.3727,2.9228,3.2112,3.0618,5.1208,5.6625,6.7872,6.1462,5.3420,6.5012,5.4299,5.0728,5.6506,5.0718,4.6091,4.2001,3.3113,3.4945,1.4739,2.6003,1.7840,3.7714,0.5948,0.0000,0.0000,1.4012,1.2562,3.5352,2.8180,3.3572,0.0000,3.1438,3.1523,2.4213,3.7402,2.9660,2.8588,2.0080,5.3723,5.6108,5.8267,6.6810,5.8608,5.9343,6.1457,4.7595,4.7223,5.3701,5.1741,4.5035,1.5400,4.8978,3.8506,0.0000,2.9010,3.8934,3.5602,2.7414,3.7673,0.4881,1.4219,0.0000,1.2638,3.0227,2.3731,2.1004,0.0000,2.7374,2.3798,3.1943,3.1084,2.3683,2.3051,4.2384,5.2554,4.2134,4.8401,4.3421,4.8857,4.6139,3.4915,4.4148,3.3671,3.9508,3.3554,5.0022,3.0428,0.7665,3.8786,1.6664,4.3873,0.0000,0.0000,3.3911,3.9785,1.4712,1.3054,0.3276,4.5107,2.5625,2.4373,4.4666,4.4365,3.8636,0.1659,3.9938,4.8115,3.7325,4.5757,4.2394,4.9589,4.6639,3.4450,2.4684,5.4568,3.2254,4.4398,2.6674,1.6742,2.2475,1.1829,3.2405,3.8545,0.4950,0.6277,1.1599,1.0672,2.6230,0.8758,2.0931,3.1427,2.9867,2.9532,1.2726,3.5729,3.2322,2.0550,1.3265,3.8487,4.2616,3.6430,3.9720,4.5601,4.3029,4.5491,4.9789,4.6583,5.6356,4.7503,3.8987,5.2327,5.2672,6.0791,3.7007,3.8849,5.5642,5.5836,1.7349,3.8519,3.3336,5.0318,0.0000,2.7389,2.3450,3.0493,4.6126,3.7312,2.9681,3.9316,4.2269,4.1587,3.1541,4.2918,4.9702,4.6529,4.7153,5.2833,5.7081,4.0785,4.9435,4.5686,4.2442,2.4633,3.7684,0.5980,2.3295,2.4865,1.0600,1.9715,0.0000,0.2069,1.4919,1.9573,0.7246,2.7718,0.9152,0.8690,0.8297,1.5092,1.7062,1.8909,4.1277,4.9171,5.8125,5.3767,4.8709,6.3221,4.6933,4.7122,5.4214,5.3664,5.0670,1.2183,3.3321,2.8956,2.5462,2.2434,3.5298,1.1397,2.2521,2.3697,1.6809,1.7466,2.7579,2.8545,3.3149,3.2963,1.5901,3.1525,3.0988,3.0563,3.8782,3.3734,2.6324,2.1231
279037318,4.6879,5.9259,6.3250,7.0982,6.1162,5.4315,6.3539,4.7854,4.1960,5.0482,4.4125,3.1591,1.8465,3.5899,3.7224,0.0000,2.4061,0.8812,3.1239,2.2054,3.7784,0.8721,0.5926,0.0000,1.6313,2.5491,2.6810,2.3608,0.7315,2.3744,3.5573,2.0886,3.0071,3.5896,1.5987,5.2983,6.2532,7.1630,5.6564,5.2261,6.3147,5.2499,4.1044,4.7496,4.3583,3.3916,3.9403,4.0962,3.5962,0.0000,2.6594,0.5524,2.7379,4.2237,0.0000,0.0000,0.0000,0.0793,1.8911,3.3695,2.7507,3.3436,1.3686,2.8113,4.2370,1.8193,2.0756,3.0383,3.1353,2.6574,4.5460,5.5388,5.5711,5.9718,5.6236,6.0730,5.0126,3.1165,4.3371,5.2295,2.9995,2.3742,3.9607,3.2978,2.8724,2.6350,2.5767,3.0734,3.7596,0.0000,1.2578,0.9324,3.1794,2.5571,1.0934,0.0000,3.3999,2.6288,1.7474,3.2821,2.7059,2.6217,3.3599,5.6220,6.1904,7.0070,5.7449,5.5314,5.8883,5.2667,4.2072,4.9027,3.1405,3.9468,2.1369,2.7675,1.1379,2.9477,2.0378,3.3555,0.0000,0.0000,1.4067,2.5353,2.5727,0.0000,3.1888,2.2170,1.8213,2.6848,2.7456,3.0123,2.6694,6.3206,6.8458,5.9408,5.4041,6.6245,5.2200,5.2858,2.7431,4.2731,2.7583,0.7203,2.6999,4.1437,1.2462,0.6030,1.2620,2.7439,2.9957,0.4781,2.9872,3.2563,1.7764,3.1516,2.3843,2.8016,2.0022,5.2668,5.7306,4.1784,3.6376,1.0152,5.4979,6.1186,6.0906,6.8601,5.7460,5.6329,6.0888,5.1915,5.3448,4.2095,4.7490,2.5524,3.1215,2.7799,4.3939,0.0000,0.5414,0.4756,2.9894,2.4196,0.5216,3.1289,3.4116,2.1949,3.0555,2.7370,2.5079,1.1874,6.1866,6.9986,5.8714,5.9550,6.3495,5.6615,4.6505,5.0763,4.5089,4.5120,1.6108,3.7751,4.5085,3.1944,3.3759,1.4343,4.5470,0.0000,0.5409,0.0000,0.9784,3.0332,2.3440,3.0137,2.5363,0.4934,3.2888,3.3916,2.4537,2.8057,2.9183,2.9926,2.7399,5.6753,6.6373,5.6135,5.4972,5.4624,4.7997,4.6910,5.6741,4.4550,3.8923,2.0437,3.7870,0.0000,3.3543,0.0000,2.0030,4.0891,0.0000,0.0877,0.6492,2.9728,2.4452,2.8996,0.0000,2.9824,3.0894,1.0991,1.6435,3.1869,3.0922,1.9587,6.4176,5.5517,6.3737,7.1115,6.0421,5.5340,4.2238,5.3453,4.6376,3.5508,1.9496,4.1257,3.0813,4.9293,2.7008,3.4749,0.0000,3.0905,2.8731,3.9536,0.0000,1.1677,1.0533,0.7590,1.2734,3.6131,2.7178,2.8312,3.0359,0.0000,3.3079,2.9703,2.0526,3.0225,3.1749,3.3687,2.7702,4.9230,5.6516,6.8327,6.1449,5.2053,6.3846,5.3148,5.2062,5.6128,3.9893,4.0318,4.1792,3.5835,3.1059,2.0439,3.7937,2.2455,3.8264,0.0000,0.0000,0.0000,1.7276,1.9335,1.8846,2.5786,2.7038,0.5428,2.8448,3.4032,2.2407,3.5003,2.9438,2.5012,1.1276,5.3371,5.7048,5.6955,6.7490,6.1346,6.0415,6.1301,4.8884,4.6298,5.5583,5.2608,3.9062,1.1455,4.5695,4.1787,0.0000,2.8833,3.0841,3.6652,2.2947,3.8447,0.6688,0.8195,0.0000,1.8489,2.0730,2.4093,1.4255,0.5437,2.4818,3.1458,2.7404,3.1897,2.3502,1.9079,4.0118,5.6102,3.9734,5.2336,4.9293,4.6900,4.4686,3.7168,4.4223,3.2675,3.7513,2.9911,4.9662,3.5714,0.9346,3.0944,2.5004,4.8312,0.0000,0.4191,3.1931,3.8194,1.4888,1.1811,1.0666,4.5934,2.7322,1.4771,3.8535,4.3764,3.4736,0.0869,4.0052,4.7458,3.5099,4.4520,4.7197,4.7857,4.3809,3.1864,2.8983,5.0196,2.9307,4.5331,2.3301,1.0459,2.3165,0.8851,2.8988,4.0059,0.0000,0.0000,0.4933,0.0000,3.1576,1.0534,2.0860,2.9974,2.9156,3.1834,0.4646,3.5341,3.7008,1.5167,0.0000,3.7966,4.1760,3.5143,3.9945,3.9988,4.4201,4.5411,5.0151,4.8756,5.4900,4.8325,3.8382,5.2749,5.4170,6.0048,3.3610,3.3450,5.3183,5.7275,1.7972,3.4225,3.3199,4.9115,0.0000,1.7313,3.4557,3.3831,4.5332,3.6258,1.7839,3.1271,4.1481,3.8402,2.7984,3.8599,5.1439,4.8194,5.5796,5.6512,5.8721,3.5174,5.3619,4.4036,3.9561,2.3035,3.7852,0.4957,1.6643,2.4893,1.1673,2.3462,0.0000,0.0000,1.0238,1.9312,0.9839,2.3691,0.6670,0.4175,0.6403,0.9559,1.5587,1.1458,3.6149,4.6627,6.1040,5.5244,4.7874,6.5394,4.4899,4.0757,5.3482,5.3092,5.0000,0.7200,2.5240,2.9691,2.4103,1.9202,3.5424,1.6114,2.4209,2.7622,1.4611,1.2864,3.2659,3.3804,3.2344,2.8875,1.3490,3.1171,3.5396,2.8627,3.3668,3.3433,2.6173,1.2859
279037323,3.7502,4.4910,4.8667,5.7415,4.6844,4.2864,4.6100,3.5917,2.6410,3.5575,3.7429,1.6854,1.3947,2.4813,1.8204,0.3288,1.6296,0.4884,1.5583,1.6030,2.4405,0.1512,0.6091,0.2324,0.8193,1.8959,1.5017,1.4305,0.4239,1.6042,2.2973,1.4419,1.7510,1.9589,0.8878,4.3354,4.5885,5.7961,4.2652,4.0795,4.4218,3.8292,2.7497,3.4210,3.2627,2.2795,2.2638,2.7319,2.5864,0.0000,1.3694,0.6955,2.0414,2.8065,0.0739,0.1450,0.1925,0.6077,0.7911,2.1922,1.0777,1.6351,0.6321,1.3497,2.1896,1.0314,1.1132,1.4485,1.7210,1.7762,3.6371,4.0493,4.1410,4.4807,4.2295,4.3282,3.9320,2.0937,3.0121,4.2155,2.1457,1.2434,3.1736,2.2848,1.6976,2.3061,1.5955,1.6398,2.5238,0.2023,0.4638,0.9866,1.3747,1.5149,0.9608,0.3168,2.0611,2.0070,1.2570,1.8180,1.3734,1.6477,2.5792,4.0009,4.7478,5.8082,4.5331,4.2859,4.1647,4.1644,3.0224,3.6034,1.8195,2.9663,1.3863,1.3178,0.2771,1.9579,1.1750,2.3079,0.0539,0.3385,1.1465,1.4057,1.2450,0.4970,1.4199,1.5406,1.1209,1.4401,1.3509,1.6755,1.6447,4.6942,5.3535,4.6786,4.2942,4.7004,4.0830,3.9190,1.9300,3.0139,1.5334,0.2705,1.5436,2.7106,0.4038,0.0754,0.6647,1.4825,1.9895,0.3431,1.6673,1.8265,1.1101,1.7378,1.1623,1.7459,0.6830,4.4469,4.2107,3.0600,2.6854,0.8667,4.4268,4.7420,4.6121,5.4595,4.4385,4.2475,4.3437,4.0909,3.8624,2.8369,3.0727,1.3395,2.0921,1.8153,3.0075,0.1555,0.0192,0.4640,1.7568,1.4494,0.1829,1.9268,2.1902,1.4712,1.4917,1.3876,1.6142,0.8633,4.7224,5.5123,4.6604,4.6652,4.6517,4.1708,3.0347,3.5653,3.6049,3.1904,1.0151,2.8420,3.2470,1.5493,2.1151,1.5603,2.8917,0.1329,0.5107,0.2729,0.6442,2.2857,1.6821,1.6787,2.6195,0.4234,2.1002,2.1971,1.2707,1.6463,1.6463,1.8722,1.6708,4.2013,5.2239,4.1793,4.4149,3.8407,3.6684,3.4477,4.2225,3.3636,2.6253,1.2850,2.6283,0.3907,1.4830,0.2064,1.4105,2.7069,0.3076,0.2845,0.9378,2.2368,1.8639,1.4219,0.1620,1.8230,1.9838,0.9074,1.0868,1.4821,1.7833,0.8863,4.9706,4.4126,4.7670,5.6020,4.8279,3.9336,2.8758,3.7794,3.6109,2.5525,1.5307,2.7864,1.5513,3.3796,1.5851,2.6083,0.3465,1.6847,1.5559,2.4596,0.1595,0.5399,0.0376,0.0559,0.9119,2.6302,1.0004,1.8832,2.1399,0.5258,1.9091,2.1160,0.7579,1.4773,1.5184,1.7548,1.6976,3.8825,4.2845,5.4316,4.7457,3.8642,4.6847,4.1208,3.8451,4.4147,2.7016,3.2573,2.7175,1.8165,2.3689,0.8281,2.3489,1.3500,2.6374,0.0616,0.3148,0.3907,0.7350,2.0864,1.2115,1.3840,1.9438,0.1337,1.5251,2.3333,1.0508,1.8707,1.8455,1.8495,0.9305,4.1333,4.2048,4.4440,5.4667,4.6874,4.7691,4.5154,3.6339,3.3151,3.8429,4.1827,2.8381,0.6503,3.4651,2.6284,0.6151,1.6628,2.6289,2.4050,1.7508,2.5885,0.1496,0.7637,0.6151,0.7163,1.4530,1.2845,0.8784,0.2333,1.4266,1.8982,1.2716,1.8736,1.2510,1.4349,2.9939,4.0453,2.6470,3.3643,3.3796,3.5250,2.9429,2.3359,3.2096,2.2739,2.1526,2.0673,3.5487,1.9943,0.4721,2.3603,1.0558,3.4093,0.2469,0.5654,2.4872,2.8404,0.6446,0.8409,0.1125,2.8117,1.8325,0.9865,2.7686,2.8532,2.3498,0.2468,2.7169,3.5111,2.3612,3.1381,3.3602,3.5189,2.8409,2.1822,1.5691,4.0750,2.0205,3.0524,1.6141,0.5391,1.6505,0.5409,1.7096,2.6380,0.1255,0.3288,0.5075,1.2000,1.9877,0.9582,0.9452,2.3006,1.2426,1.8479,0.6743,1.7712,1.7434,1.0734,0.6874,2.5403,2.9148,2.3320,2.9107,3.2934,3.0214,3.0896,3.6685,3.5109,4.3315,3.0496,2.6439,3.9041,4.0217,4.8493,2.0556,2.4862,4.1269,4.1040,0.9719,2.4833,2.2597,3.6133,0.6502,1.2960,2.1228,2.0142,3.2927,2.5126,1.3062,2.3458,2.6749,2.5929,1.7507,3.2554,3.6845,3.2469,4.0286,4.3727,4.0610,2.8100,3.7192,3.4120,2.8067,1.4248,2.3577,0.4663,1.6287,1.2541,0.4987,1.2463,0.0759,0.0661,0.5600,1.0273,0.8604,1.3990,0.7035,0.5086,0.4294,0.5580,0.6752,0.5538,2.9793,3.3838,4.8919,3.5254,3.5281,5.0211,3.1053,3.3376,4.0630,3.9749,3.6125,0.3055,1.8677,2.0997,1.4295,1.0233,2.5107,0.2605,1.3586,1.5417,0.9509,1.1654,1.9690,2.0221,2.0112,2.2648,0.7451,1.6364,2.3937,1.7637,2.3155,2.0408,1.4996,0.9082
279037328,4.7434,5.1368,5.5214,6.7415,5.7014,5.0319,5.5088,4.5811,2.9842,4.7329,4.6977,2.5449,1.2824,3.3162,3.2133,1.0378,2.3762,0.1542,2.5197,0.7425,3.0406,0.0000,0.0000,0.7049,2.0466,3.4516,0.8952,1.8123,0.7570,2.4906,2.8309,2.4447,2.1566,3.4250,1.2432,5.3039,5.3602,6.8157,5.1501,5.0027,5.2252,4.6897,3.4812,4.4822,4.1508,2.9416,2.8072,3.4483,2.5231,0.0000,2.5444,0.2203,2.4141,3.5301,0.0000,0.0000,0.0000,0.7909,0.0000,4.8756,1.6532,2.3575,0.1115,2.1554,3.1914,2.4358,1.4848,2.2602,2.3215,2.9797,4.2877,5.0487,5.1161,5.0742,5.1151,5.1227,4.8857,2.3279,3.6304,5.2437,3.1005,1.2500,3.7625,2.4694,1.8385,2.3615,1.7033,2.6673,3.6750,0.7237,1.7010,1.3964,3.8847,2.6330,2.1788,0.0000,3.0062,2.9043,1.6057,2.0481,1.7040,2.6732,3.3778,4.9979,5.6137,6.6452,5.6155,5.0773,5.3268,5.1468,3.9815,4.7273,2.5453,3.1996,1.6669,1.7431,0.0000,2.0208,2.2959,2.9283,0.4121,0.6251,1.7969,1.0882,2.7238,0.0000,2.5079,1.9978,1.6604,2.2255,1.6639,2.4070,2.5357,5.6604,6.4519,5.5046,4.5519,5.8971,5.4441,4.8702,2.3563,3.8125,1.4941,0.8837,1.8569,3.8353,0.2712,0.0000,1.0282,1.7297,2.8845,0.3790,1.8346,2.3930,1.3389,3.6398,1.8082,3.2194,0.0000,5.1949,5.2115,3.9552,3.6454,0.7974,5.2263,5.7761,5.5879,6.4377,5.4106,5.0188,5.3368,4.8539,4.7664,2.6298,3.6858,1.0037,1.3224,2.9797,3.5903,0.0000,0.8166,1.4829,2.3309,1.7609,0.0000,2.6513,2.7149,1.8950,2.8991,2.1395,2.0808,0.3993,5.4796,6.3465,5.3480,5.2803,5.5005,5.4453,4.2420,4.6150,4.8342,4.1623,2.3184,3.3401,3.8510,2.6132,2.3989,2.6490,3.9737,0.0000,1.0170,0.2666,1.5142,3.7420,2.0307,1.7997,2.5722,0.6643,2.4904,3.1118,2.1947,2.5478,2.3170,2.7105,2.6957,5.0224,6.4274,5.1558,4.9145,4.6956,4.6087,3.6978,5.3523,4.2488,3.1123,0.8843,2.7423,0.0000,2.2767,0.0000,2.2503,3.7187,0.2045,0.0000,0.6169,5.0130,2.5040,2.1868,0.0000,3.1637,2.0345,1.3564,1.8542,1.3746,3.0670,0.3377,5.8176,5.3014,5.6192,6.5677,5.5822,5.0571,3.7621,4.9933,4.4306,3.7272,2.3718,3.4696,2.2976,4.1945,1.8368,4.1302,0.6486,2.4413,1.6840,3.6632,0.0000,1.1685,0.7698,0.0000,1.1857,5.2333,2.2218,2.5917,3.1034,0.0000,2.6738,1.9950,1.8287,1.7783,2.6539,2.2309,2.7107,4.6662,5.1809,6.1516,5.5846,4.7361,5.5599,4.7617,4.8937,5.1313,3.9573,4.0494,3.5043,2.7679,3.3927,0.7160,2.4413,1.6870,3.7513,2.3056,0.0000,0.0000,1.2497,2.7202,2.0171,1.3777,3.0518,0.0000,1.5650,2.3223,1.4043,2.9128,2.3975,1.8021,2.1235,4.7593,5.1417,5.1650,6.6255,5.4538,5.3565,5.3167,4.6844,4.1203,5.0701,4.9421,3.6047,0.7381,4.3442,3.0962,0.0000,1.8477,3.8046,2.7189,2.1278,3.6758,0.0000,1.5169,0.0000,1.5070,2.7436,1.3569,2.3752,1.3289,2.5499,2.3590,1.8587,2.3000,1.6777,0.5499,3.7443,5.0761,3.8195,4.7613,4.1945,4.2924,4.1404,3.3499,4.3134,3.0128,2.4606,2.3998,4.3831,2.5956,0.8394,3.1171,0.4141,4.0445,0.0000,0.0000,3.0789,3.4230,1.4204,1.1978,0.7835,3.6238,1.6607,1.8909,4.0236,3.6734,2.9540,0.6884,3.6894,4.4747,3.7092,4.3750,3.7222,4.2753,3.5333,2.7259,2.4764,4.7751,3.0621,3.4617,3.2238,2.0270,1.8635,0.6789,2.8020,3.2884,0.0000,1.0378,0.0000,0.5687,5.0883,1.6523,2.9655,2.4300,1.8228,2.4000,1.1434,1.6760,2.0519,1.6163,0.4166,3.3307,3.8391,3.3129,3.5550,4.1942,3.4836,3.9548,4.6198,4.5944,5.0055,4.1427,3.4855,4.6255,5.1284,5.5445,3.3645,3.6506,4.6719,4.8165,1.3931,2.2492,1.8671,3.9798,0.0000,1.7210,3.2944,2.9132,4.1239,2.4584,2.5654,2.7040,3.4405,3.2956,2.5370,3.9536,4.6454,3.7086,5.1668,5.2929,5.1431,2.8663,4.6396,4.1065,3.2865,2.1086,3.1790,0.0000,2.2030,1.5652,0.6466,1.3564,0.0000,0.0000,1.9769,2.1732,1.0464,2.8395,0.3764,0.0000,0.0000,0.0000,1.1789,0.8185,4.5227,4.0003,5.6535,4.4454,4.4658,6.0271,4.3619,4.0322,4.9029,4.8972,4.4993,0.0000,2.5052,2.4883,1.8376,1.4415,2.9978,2.2240,1.7765,1.9105,1.8075,0.8040,4.3250,2.3436,2.6973,3.2510,1.6837,2.2588,2.2507,2.5115,3.5107,3.1291,2.6058,0.0000
279037333,4.8979,5.3700,5.7263,6.4809,5.7649,5.3065,5.1587,4.8006,3.3385,4.3375,4.7571,2.7348,1.6286,3.6352,2.1746,1.5555,2.2898,0.7482,3.4001,2.2681,3.1427,0.8162,0.3361,0.4905,1.3527,3.7139,1.3991,1.9470,0.1927,1.8568,3.6596,2.6736,2.2815,1.8750,1.1248,5.8355,5.4100,6.4762,5.3383,5.2850,5.1990,5.4527,3.4242,4.4388,4.6994,2.9174,2.7933,3.8003,2.4675,0.0000,2.2323,0.9736,2.7503,3.8228,0.3363,0.0000,1.5656,0.3881,1.0272,3.7440,1.4489,2.6763,0.6351,1.8117,3.3707,1.6462,0.9300,2.0028,1.7887,2.3218,5.3320,5.0496,4.9769,5.4165,5.3610,4.9595,5.3646,2.9444,3.8066,5.1779,3.5004,2.0728,4.3994,2.4542,2.2253,3.0623,2.0771,2.8061,3.3540,0.9237,1.9049,0.5845,3.7822,2.3796,1.5268,0.3858,2.5418,3.3070,2.3163,2.1309,1.7870,1.7106,3.9960,5.0407,5.4309,6.6406,5.6959,5.3070,4.9685,5.7097,3.6093,4.0804,2.3622,3.9438,1.7586,1.3538,0.5088,2.4725,1.1402,3.0695,0.6146,1.3169,0.9610,1.0742,1.8945,1.1584,2.3503,2.3601,1.8045,1.6934,1.7372,2.0999,3.0037,5.6661,5.9513,5.8157,5.0938,5.6478,5.6698,4.5897,2.6852,3.2257,1.8492,0.9765,2.6903,3.5195,0.0000,1.2219,1.1569,1.8292,1.7702,1.1839,2.1043,2.9216,1.2343,1.9293,1.6881,2.5189,0.2649,5.4935,5.0699,4.4733,3.6276,2.1120,5.6382,5.7413,5.4001,6.2250,5.6270,5.4515,5.0940,5.4936,4.7255,3.7427,3.5097,0.9106,2.4154,2.6150,3.5197,0.3608,1.2697,1.0897,1.8244,2.0907,0.7440,2.0595,2.6726,2.1184,1.9686,1.5743,1.6564,1.1410,5.4329,6.2706,6.1504,5.5679,5.3060,5.7515,3.8451,4.6071,4.7913,4.3505,2.2660,3.6501,3.4073,2.0272,2.7215,2.3652,3.8905,1.1362,0.9200,0.8982,0.4886,3.7264,1.7288,1.9237,2.8458,0.5443,2.3132,2.8375,2.4149,2.1218,1.7813,2.4118,2.8520,5.0066,5.9521,5.3542,5.3250,4.2941,5.0237,4.0867,4.9306,4.4377,3.6695,2.4074,2.8242,1.4879,1.9537,0.0000,2.0690,3.6841,0.7940,2.4467,0.8730,4.1507,1.9169,1.7343,0.9186,2.2977,2.7137,2.0856,1.3193,2.1371,2.3903,1.1950,5.9915,5.6110,5.7717,6.4217,5.6484,4.5667,3.7412,4.7727,4.8635,3.6595,2.6525,3.6510,1.4635,4.6190,1.8993,3.6932,1.0429,2.5050,2.6742,3.6995,1.4183,0.9172,1.1945,0.0000,1.0680,4.8771,1.1518,2.3834,2.5420,0.3936,2.3890,2.8242,1.9185,1.3999,2.1905,2.2620,2.7352,4.7658,5.1290,6.2695,5.8596,4.7300,5.3496,5.0180,4.7972,5.8219,2.9931,4.4453,3.4696,2.2910,3.7735,0.5863,3.0614,2.7358,3.2449,1.2965,0.0000,1.4879,1.0045,3.1945,1.6048,1.0843,2.8010,0.5704,1.7670,3.0347,1.3045,1.5297,2.0478,2.0888,1.6712,5.1406,5.3562,5.1728,6.0682,5.8750,5.7083,5.1590,5.0452,4.3657,4.5963,5.3865,3.3442,1.6757,4.3832,2.6847,1.1419,1.5929,3.3543,3.2394,2.6028,3.6381,0.9889,1.0572,1.1419,1.3571,3.2155,1.2803,1.0019,0.0000,1.7812,3.2034,1.5838,2.4844,1.2105,1.2799,3.9756,5.0466,3.2947,4.2214,4.6190,4.4699,3.6802,3.2844,3.7642,3.4964,2.7625,3.2154,4.6641,2.0806,0.2779,3.6221,1.7055,4.4608,0.3903,2.2317,3.3337,3.7185,0.7950,1.1944,0.6464,3.4799,2.5990,1.6356,2.9821,3.7684,2.7138,0.3605,3.6084,4.2948,2.8873,3.7524,4.4978,4.6439,3.3565,3.2407,2.5758,5.3649,2.8905,3.9943,2.1544,1.0863,2.0009,1.3592,2.8707,3.6549,0.5397,1.5555,0.7063,0.7704,4.2641,0.6326,1.3967,2.3771,1.9169,2.4107,1.4128,2.4808,1.9720,1.6623,0.9011,3.6268,3.3689,3.4491,3.6665,4.1304,3.6232,3.6803,4.5889,4.7972,5.1944,3.8794,3.9181,4.6425,4.5138,6.1103,2.9141,4.0604,5.2573,4.6451,1.1204,2.8952,2.8300,4.5722,0.8282,1.6833,1.9797,2.6045,3.9299,2.7818,2.5023,2.8297,3.3983,2.5904,2.5441,4.5313,4.4305,3.6903,4.6819,5.6131,4.7861,3.1734,4.3970,4.3284,3.9748,2.4513,2.4914,1.2779,1.7026,1.7980,1.5113,1.5669,0.3444,0.3036,0.8540,1.6747,0.7851,1.1535,1.5435,0.5440,0.0000,0.4466,1.2730,0.5016,4.4155,4.1378,5.9824,4.4527,4.7320,6.3751,4.0342,4.3247,4.6096,4.7957,3.9885,0.0000,2.4171,2.7594,2.3347,2.2700,3.4824,0.6798,1.1133,2.6583,1.3765,1.2187,3.8704,2.1400,2.5886,2.8747,2.0356,2.4763,3.6764,2.3064,2.3453,2.5963,2.1314,0.9803
