280645547,12.3026,12.1877,12.5183,12.8764,12.5248,12.1621,12.1883,12.6298,11.2990,11.5537,11.0894,10.3313,10.8078,10.4606,8.9670,10.3699,,,,10.2898,8.7103,6.3698,8.4236,8.1371,7.3985,,,8.9293,7.6750,,8.8302,8.4597,7.8151,7.5910,7.9884,12.2698,12.3158,12.7027,12.3035,11.9894,12.2734,12.1671,11.5726,11.9831,11.1077,10.9198,11.4888,10.8800,9.9033,,,,,9.2248,6.7701,9.3039,6.7908,9.0823,8.7096,,,8.7292,8.5189,,8.6852,8.0771,8.0374,8.1923,7.8660,7.8073,12.0485,11.8974,11.9976,12.2042,12.1754,12.2257,12.0433,10.9193,11.6248,11.8982,10.6569,10.8347,10.3267,8.8961,,9.6274,,10.1295,8.5998,5.2081,7.3776,8.9407,,,9.2235,6.0302,,8.2838,8.4431,8.3699,7.9048,8.4199,11.2784,11.7166,12.1690,12.7858,12.0017,12.1724,12.1335,12.4441,,11.7247,10.4709,9.7998,8.9907,,,,9.3736,8.0962,5.8376,8.1352,7.5208,,8.8566,7.1772,,8.1432,8.5577,8.7373,7.9894,8.9681,8.4018,12.5636,12.9131,12.4672,11.9505,12.7147,12.3955,11.9137,11.2669,10.2532,,,,7.8689,9.6041,6.8465,8.1302,,9.2147,7.1944,,7.8260,8.7830,8.9742,8.3107,8.6521,9.3244,12.1667,11.7012,11.1057,11.2569,11.1124,12.4771,12.2950,12.2782,13.1802,12.4968,12.0687,12.5810,12.4583,11.8567,10.9261,10.3427,,,10.2200,8.7525,6.5689,8.2495,8.5106,,8.3969,6.6803,,9.0548,8.4851,9.0526,8.8313,8.9960,8.5728,12.5538,12.8926,12.3751,12.4728,12.1362,12.6144,11.4876,12.2136,11.3365,11.5898,11.6671,10.7146,10.6424,,,9.7432,8.3152,5.3671,10.0368,6.9976,9.3703,,,9.1755,7.9210,7.9702,,8.6332,8.8276,9.0338,8.8393,9.1466,8.0282,12.5117,12.7131,12.3324,11.5929,11.3989,12.2177,12.1497,,11.1763,10.9371,11.5859,10.3126,10.5084,,,,9.0959,9.5156,6.8568,8.2123,,,8.6297,6.6776,,8.7067,7.9240,8.6550,7.5554,8.1254,9.4849,12.5064,12.5217,12.6337,12.7651,12.5261,12.0503,11.6590,12.3992,11.6021,11.8562,11.1924,10.9397,10.7594,10.4018,,9.4721,,,9.2214,8.4086,6.2630,9.7147,6.7355,9.1009,9.2241,,,8.8754,8.0990,7.9765,,8.0121,8.2135,8.3364,8.4128,8.4824,8.9034,11.9871,12.0600,12.7703,12.4157,11.8503,12.4675,12.5924,12.1470,11.9166,11.2540,10.0452,10.7678,,9.7615,,,9.5481,8.8897,6.6455,9.3504,8.4122,8.8894,,,8.7990,7.5957,7.4809,,9.2316,8.2562,8.5337,7.9026,8.4622,8.7792,12.6175,12.0218,12.4188,12.9510,12.2460,,12.5136,12.6901,11.9698,12.3301,11.9155,11.4813,11.9726,11.6481,10.8625,10.5327,,10.1867,,9.6687,8.4005,8.2967,9.6638,7.3915,8.5303,,,7.8765,7.0103,,8.4418,8.7115,8.3560,8.7067,8.5534,11.2053,11.7111,11.6423,11.8190,11.5048,11.3287,11.2573,11.0128,11.5120,9.9015,11.3456,11.2965,11.4632,9.7108,,10.3700,,9.7433,6.8376,7.6785,10.0298,,,9.5993,8.0258,,8.5919,9.6945,10.5404,9.2407,9.5173,8.9235,10.7831,11.3554,10.6830,11.8648,11.1300,11.5934,,10.7836,11.0121,11.9990,10.0283,10.3822,9.0718,,9.4426,,,8.6316,8.0357,8.1614,8.3798,8.9553,,,8.2071,7.4996,,8.8850,7.0553,8.0881,8.2361,8.0687,9.9808,10.9356,10.5623,11.1396,10.2001,11.6730,10.8628,11.8724,11.8769,12.2031,12.1169,11.5476,11.4199,12.1045,12.0849,12.5201,11.4112,12.0467,12.0886,11.4400,,10.5908,,9.9656,8.5729,9.6865,9.5905,8.9688,,9.4235,9.6439,9.3856,8.2187,9.5737,9.4042,11.5112,11.6332,13.0817,11.7700,11.6264,11.9552,10.4368,12.1242,10.7517,11.4515,11.3188,10.1565,,8.0609,,8.5120,6.7761,,6.4048,7.8855,8.0976,7.6123,,7.0676,7.3761,6.4699,5.9400,5.7795,5.7411,11.4423,11.8796,12.6227,11.9056,12.2709,12.8178,,11.9970,11.7942,11.5665,11.5494,,,10.4553,,10.0001,8.7447,10.0113,8.7645,9.4499,8.7660,8.9451,,,9.7990,8.3617,8.7823,,9.6252,9.2756,9.2019,8.2342,,
280645552,11.7834,11.8472,11.9290,12.4628,11.8845,11.6745,11.9151,12.2121,10.7237,10.9899,10.5823,9.8599,9.8527,9.4758,8.5477,9.4580,,,,9.2433,8.0368,5.1808,6.5559,7.0157,6.3571,,,7.8903,7.3149,,7.9551,7.2678,6.6682,6.9687,7.4654,11.9371,12.0574,12.4401,11.7821,11.5345,11.9364,11.9335,11.1835,11.0971,10.8014,10.4162,10.9282,10.0653,9.6388,,,,,8.5378,5.5218,8.3719,6.5115,8.0990,7.0799,,,7.7031,6.4481,,7.2254,7.5132,6.8275,8.0421,7.4063,7.2628,11.6699,11.3276,11.2231,11.5166,11.2432,12.0998,11.7833,10.4179,10.8126,11.2739,10.1925,10.1001,9.6987,8.2846,,8.2191,,9.3667,7.2092,5.0331,6.0409,7.5276,,,7.4484,5.2032,,7.0238,7.4913,6.9857,7.8575,7.4861,10.3806,11.3387,11.8900,12.2399,11.4810,11.4368,11.8402,12.1806,,10.9993,9.6226,9.1191,8.4957,,,,8.5414,7.4721,4.9549,6.3877,5.4989,,7.5940,6.9986,,7.3470,6.7702,6.6537,6.2932,7.7586,7.1743,12.0437,12.0067,11.9682,11.4019,12.2470,11.9609,11.3224,10.5373,9.9880,,,,7.1332,8.0068,6.7599,6.5869,,8.4442,6.3111,,7.9522,7.5771,8.3827,7.3458,8.3229,7.7430,11.4247,11.1980,10.4950,10.7295,10.4893,11.9069,12.0418,12.0220,12.6193,12.0529,11.6401,11.8808,12.1683,11.0708,10.0942,10.2687,,,9.3120,8.0467,5.8309,6.7043,7.9871,,8.1163,6.4185,,7.0088,7.8269,7.3760,7.5154,7.4887,7.6458,11.7385,12.4730,12.0542,11.6164,11.7662,11.8972,10.7617,11.4226,10.5889,10.6117,10.8650,10.2248,10.1809,,,8.4832,7.2056,4.8212,8.9936,6.1737,7.6163,,,8.3727,7.1531,6.4457,,7.6237,7.9540,8.2874,7.4548,7.9701,7.6790,11.9782,12.3012,11.6149,11.2207,11.2511,11.5807,11.3584,,10.2910,10.0328,10.8203,9.7508,9.8859,,,,7.9953,8.3012,5.2688,7.1437,,,7.9951,5.8726,,8.1281,7.5600,7.9693,6.6440,7.1430,7.6713,11.9712,11.8341,11.9554,12.5674,11.8699,11.5034,11.1614,11.7220,11.0024,11.0467,10.8768,10.4399,10.1120,10.4401,,8.3990,,,8.4728,7.1193,5.4217,8.5760,5.3862,7.1129,8.3454,,,7.8377,6.7978,6.1278,,7.0296,6.8802,7.8544,6.5465,6.9736,7.7325,11.2475,11.7547,12.3962,12.0514,10.5827,11.7765,11.9177,11.6894,11.3126,10.5227,9.6910,9.7802,,8.6805,,,8.5326,8.0834,5.1631,7.9483,6.5274,6.9572,,,7.3499,6.8591,6.2110,,8.2778,7.1663,7.9223,6.6045,7.6603,6.6150,11.9434,11.6968,12.0598,12.4154,11.8503,,11.9689,11.8083,11.4851,11.4658,11.2591,11.0124,11.5320,11.3547,10.2572,9.9822,,9.3377,,8.3611,7.9405,6.7038,8.9177,6.0926,8.0257,,,6.7310,5.5271,,7.0196,7.3618,8.2893,8.1231,6.8363,10.4598,10.9165,11.2585,11.4479,10.9610,10.8026,10.3723,10.6105,10.8875,9.4289,10.7954,10.5477,10.9093,8.9811,,9.5693,,9.2032,6.2139,7.3103,9.5741,,,8.7106,6.3551,,6.8985,9.0765,10.0227,7.6846,8.4170,7.2588,10.3929,10.8243,10.2732,11.2898,10.4829,11.2115,,10.2369,10.0838,11.4628,9.1729,10.2881,7.9423,,7.9950,,,6.5572,7.2744,6.5009,7.5687,7.0772,,,7.9680,6.9879,,7.4062,6.2641,7.2501,5.1067,7.0859,9.2769,10.6340,9.6151,10.0373,8.9741,11.0263,9.8512,11.3532,11.4648,11.0777,11.4634,11.0007,10.8448,11.3089,11.3699,12.2001,10.8971,11.5192,11.2635,11.0521,,10.0942,,9.1340,6.1780,8.1826,8.3196,7.2593,,8.7446,8.7263,7.9135,8.4948,8.6564,8.4297,10.8303,10.8420,12.6063,11.4223,11.2179,11.3396,9.8316,11.0679,10.3111,10.6823,10.2572,9.1969,,6.5405,,6.6645,5.7326,,5.7321,6.7870,7.4160,6.0311,,5.8049,6.1916,4.9606,5.0039,5.3321,5.8643,10.8774,11.1747,11.9900,11.1287,11.8182,12.5093,,11.2160,11.1923,11.2435,10.7891,,,9.4991,,8.0343,7.8070,8.8446,8.3474,8.7042,7.5520,7.3021,,,8.9637,8.0236,7.0132,,8.9481,8.4597,8.8456,8.5352,,
280645557,11.4395,11.4010,11.5972,12.3086,11.6327,11.4850,11.4898,11.9031,10.4249,10.5010,10.1957,9.4483,9.7278,9.4659,7.9052,8.8484,,,,8.4633,7.1930,5.6980,6.7452,7.0072,5.9049,,,7.4198,7.4229,,7.9171,6.6144,6.8042,7.2551,5.6232,11.5822,11.6341,12.3248,11.4437,11.2056,11.5685,11.6246,10.7466,10.5821,10.3336,9.8890,10.3784,9.8780,9.1454,,,,,8.1533,5.4552,7.1091,6.4827,7.2740,6.9781,,,7.5627,6.4247,,7.8336,7.3511,6.9755,6.9418,6.6968,7.5816,11.1339,10.6451,10.9306,11.3689,10.9648,11.3986,11.4123,10.1324,10.3020,10.8241,9.8562,9.6934,9.4700,8.1018,,7.7507,,8.5484,7.2295,5.4403,6.8381,6.6427,,,7.5996,6.5837,,7.2603,7.7336,6.5541,6.9052,7.3171,10.3135,11.1393,11.3795,12.0128,11.1127,11.0837,11.2576,11.8222,,10.5372,9.4431,9.0495,8.3131,,,,8.2328,6.7041,6.0717,7.4362,6.3359,,7.6266,5.9262,,7.0170,7.1694,5.9517,7.4322,7.1681,7.1476,11.5643,11.9448,11.6087,11.0171,11.8370,11.8196,10.7461,10.3336,9.6359,,,,7.0420,8.5626,6.1191,6.6666,,7.9083,6.3857,,7.8532,7.4597,7.5893,7.9753,7.3325,6.8502,11.1518,11.1056,10.2011,10.2777,10.0188,11.6143,11.5951,11.7765,12.2194,11.5829,11.1741,11.7221,11.7600,10.2498,10.0978,9.8453,,,8.9561,7.7280,6.2381,6.3813,5.3088,,7.7217,6.2847,,6.9970,7.7379,7.3537,7.5256,7.2186,7.0843,11.4515,12.1337,11.7471,11.4333,11.5511,11.7512,10.7143,10.8518,10.4758,10.5860,10.4242,9.8798,9.7715,,,7.9065,7.5154,6.0710,8.3690,6.6526,7.5098,,,8.0775,5.9641,6.5709,,7.2262,7.4991,7.3285,7.4651,7.5554,7.9333,11.3137,11.8470,11.2696,10.8939,10.6459,11.2481,11.1527,,10.1334,10.2332,10.5081,9.6551,9.6316,,,,7.4653,7.8082,6.2465,6.3963,,,6.8153,6.8197,,7.6097,7.1350,7.1974,6.4084,7.3424,6.8617,11.7116,11.6583,11.6864,12.0573,11.6502,11.0000,10.2860,11.2272,10.7488,10.7139,10.6207,9.9860,9.8325,9.3764,,8.3237,,,8.3775,7.4518,6.2031,8.3942,6.9606,6.7138,6.8959,,,7.6182,6.9456,7.2466,,7.8469,6.8519,6.4158,7.1370,7.4907,7.6805,11.0204,11.3716,12.2332,11.6780,10.7890,11.6426,11.7033,11.0552,11.1022,10.0884,9.5547,9.6898,,8.3312,,,7.6524,6.7410,6.4988,7.6710,5.8669,7.0320,,,6.9846,6.9288,6.1750,,7.3695,7.1644,7.7000,7.2324,7.5531,6.7679,11.6668,11.2777,11.8362,12.0903,11.5775,,11.4126,11.6748,11.2562,11.1883,10.9344,10.5668,10.9260,10.7884,9.8554,9.4187,,8.8573,,7.8163,7.6523,6.1819,8.3826,7.4744,6.5215,,,6.4189,5.9349,,6.6349,7.3703,7.5472,7.0033,7.4573,10.3302,10.8813,10.8080,10.8829,10.5723,10.3057,10.1250,10.2443,10.4986,9.1207,10.3505,10.4326,10.4537,8.5758,,8.7813,,9.2425,7.3537,7.2369,9.1507,,,8.3082,5.8255,,6.6548,8.3617,8.9598,7.7353,7.8877,5.7801,10.0037,10.5031,9.8660,10.6979,9.8987,10.7529,,10.0214,9.5742,11.0279,9.1458,9.8951,7.8176,,8.3872,,,7.7768,5.7471,6.5135,5.5057,6.3551,,,7.4733,7.1596,,6.7916,6.3667,7.2811,7.3039,6.8608,7.3416,10.1768,9.6081,9.6875,9.1518,10.8947,9.6662,11.0717,11.0343,11.0520,11.0322,10.6318,10.6293,11.3348,10.9807,11.5463,10.5351,11.0552,11.0671,10.7601,,9.1063,,9.3897,6.7190,7.4171,7.7055,7.7855,,8.3009,8.3081,8.1718,7.6240,8.6825,8.0303,10.6738,10.4887,12.1346,11.0239,11.0492,11.1463,9.3253,10.5572,9.9058,10.3266,10.0483,9.2270,,7.0517,,6.1931,6.0416,,5.4809,6.5884,7.4246,6.1251,,6.1494,6.6281,5.6476,6.1579,5.4699,6.0446,10.6398,10.7535,11.6945,10.9186,11.2790,12.0903,,10.8276,10.9462,11.0093,10.4877,,,8.3364,,8.3488,7.9108,7.4587,7.5663,8.2038,6.8087,7.6936,,,8.4672,7.4976,6.4268,,9.0239,8.1193,7.9712,7.7514,,
280645562,10.8661,10.5730,10.9244,11.7464,10.9040,10.7786,10.7059,11.1723,9.6372,9.5818,9.3907,8.8287,8.2101,8.3928,7.1520,7.7042,,,,7.4709,6.0658,4.8329,6.2106,5.6681,5.0795,,,5.8494,5.6976,,6.0527,5.8686,6.4621,5.8636,5.3286,10.7814,11.0155,11.6139,10.4854,10.4133,10.9219,10.9386,9.9927,9.6438,9.6446,9.4247,9.6610,8.8181,8.2381,,,,,7.2621,4.8877,7.0363,5.3826,5.9167,5.6238,,,6.4190,5.1409,,6.8447,6.5595,6.0416,5.7431,5.6985,6.3645,10.4916,10.0069,10.4334,10.7732,10.3741,10.6935,10.8169,9.3626,9.5193,10.1246,9.1722,9.0002,8.3035,7.5665,,6.6344,,7.0107,6.6978,4.9524,6.1465,5.9425,,,5.8071,6.0967,,6.8219,6.8190,6.6836,6.1051,5.9917,9.6955,10.3225,10.7232,11.3308,10.5846,10.3270,10.5587,11.1129,,9.7028,8.5828,7.7436,7.6348,,,,6.7494,7.1013,5.2722,6.1046,5.7461,,6.3240,4.9566,,6.0014,5.6631,6.2335,6.1166,6.4316,6.7467,10.9111,11.1122,10.8338,10.3244,11.1110,11.2189,9.9117,9.2947,9.0104,,,,6.4895,8.0386,6.4664,5.1961,,6.9529,5.1711,,6.6154,6.3660,6.4088,6.9138,6.8326,5.8823,10.2843,10.3684,9.2965,9.7801,9.2449,10.9504,10.8259,10.9749,11.4334,10.8522,10.4138,10.8102,11.1516,8.9951,9.0058,9.1443,,,7.6947,6.5426,4.7839,5.6971,5.8438,,6.7239,5.1851,,6.2007,6.3531,6.5359,6.7974,6.5270,6.0556,10.6540,11.5119,11.1695,10.6839,10.9349,11.1548,9.5400,9.8177,9.3763,9.7038,9.6255,8.4134,9.3912,,,6.4778,6.9550,4.8612,7.6142,6.3778,6.1105,,,6.7250,5.6662,5.2001,,6.3707,6.1968,6.8572,5.2282,6.5674,7.2992,10.4864,11.1844,10.3732,10.0327,9.9654,10.4787,10.3609,,9.4035,9.2970,9.8392,9.0636,9.1237,,,,6.0120,7.7895,6.2684,6.0725,,,6.2177,5.4422,,7.2390,6.0427,6.7216,6.1622,6.3478,5.4038,10.7861,10.9804,10.9876,11.4653,10.9242,10.2482,9.9523,10.3721,10.0011,9.9574,9.2189,9.2112,9.1710,7.6620,,6.6178,,,6.0810,6.3546,4.8666,7.6360,6.6037,5.6688,6.5297,,,6.8478,5.8806,5.4017,,6.0158,5.7448,6.0401,5.9326,5.7008,7.2758,10.2558,10.6654,11.5246,10.9252,10.2618,10.7970,10.8263,10.1236,10.3636,9.4150,8.6407,8.8710,,7.3425,,,7.0291,6.5590,5.0306,6.6920,5.2160,5.1968,,,5.8323,5.4186,5.9761,,6.8664,6.2397,6.0375,6.1335,7.1518,5.2973,10.6667,10.3250,11.0639,11.3056,10.9566,,10.6732,10.9444,10.5574,10.3209,10.0587,9.9178,10.3237,9.9934,9.1740,8.2401,,7.8743,,6.7562,6.3879,5.9437,7.5309,5.9625,5.5020,,,5.1505,5.6535,,6.6785,6.0341,6.8657,6.2840,6.0795,9.3979,9.7325,10.1010,10.1424,9.8248,9.5234,9.6043,9.4335,9.7699,8.3535,9.6734,9.3808,9.6037,7.6767,,7.7636,,8.2270,5.5621,6.8414,7.3124,,,6.0637,5.7645,,5.7498,7.7416,6.8886,6.8324,7.5306,5.8476,9.4343,9.7414,9.1720,10.0545,9.2065,10.0364,,9.3876,8.9761,10.3094,8.1673,9.3124,7.6240,,6.5690,,,6.3089,6.2072,5.6239,5.5802,5.4252,,,6.7513,6.3528,,6.0186,5.8305,5.9504,5.4755,6.1745,7.0235,9.3731,8.5633,9.0845,7.7675,9.9618,8.8582,10.3170,10.5217,10.1398,10.3515,9.6977,10.0442,10.2892,10.1454,10.8608,9.8024,10.3382,10.0304,10.0947,,8.4496,,7.8317,5.9912,6.8404,6.6531,6.0424,,6.6199,8.2480,6.5793,7.2801,7.6318,6.9432,10.0086,9.9293,11.4585,10.3933,10.3126,10.3677,7.8457,9.5406,9.2036,9.6667,8.7368,8.1045,,5.8896,,5.4812,5.3915,,5.0307,5.3600,5.7648,5.5111,,5.2121,5.8354,5.0060,5.8548,5.1222,5.2104,9.8541,10.1264,10.9700,10.1564,10.6206,11.3160,,10.3196,10.3763,9.8097,9.6039,,,7.3441,,7.1469,6.1769,7.3499,6.2842,7.3434,5.7457,6.3098,,,7.2630,7.0559,6.8438,,8.3430,7.3227,7.3561,6.6736,,
280645567,11.0588,10.8295,11.0888,11.9945,11.1079,10.9982,11.0149,11.4541,9.8294,9.0653,9.4519,8.9230,8.0824,8.2195,6.9086,6.9006,,,,7.2337,5.9655,3.7747,4.8927,3.6950,5.8049,,,6.6680,4.6091,,6.4313,4.8926,5.5532,5.4878,5.9268,10.9703,11.0345,11.7102,10.7439,10.5449,11.0157,10.9817,10.4245,9.3960,9.7295,9.5668,9.8943,8.9576,8.4458,,,,,7.1374,4.2658,6.5909,4.6393,5.7166,3.9802,,,6.4473,4.1958,,5.5847,5.7000,4.4261,6.1361,6.2040,5.8394,10.6376,10.2599,10.3487,10.8874,10.3024,10.8482,11.0133,9.5113,8.8812,10.4870,9.2917,8.7276,7.8615,7.2535,,5.1346,,6.6622,5.7961,3.6726,5.0439,4.5665,,,5.1501,4.2623,,5.6233,6.1171,4.9738,5.4597,5.5645,9.5253,10.6370,10.7912,11.4887,10.8355,10.3718,10.7570,11.0658,,9.3018,8.3509,8.0209,7.2083,,,,6.4213,6.0129,4.6671,4.2800,4.8582,,5.3333,5.2705,,5.9814,5.1148,5.2057,5.5683,5.9451,5.5924,11.0903,11.3776,11.2820,10.3125,11.3010,11.3630,9.7472,9.3181,9.2260,,,,5.5893,7.2166,5.7093,4.0083,,6.5645,4.0333,,6.2118,5.5437,6.4534,6.6147,6.7810,5.2971,10.4576,10.5310,9.7492,9.9339,9.1533,11.1155,11.1343,11.2172,11.7949,11.1158,10.3927,11.1940,11.4900,8.5148,9.2395,9.4594,,,6.8555,5.4151,4.3455,5.1251,4.4681,,6.4833,4.1064,,5.6930,6.4551,4.8501,5.4542,6.0157,5.5597,10.8646,11.7780,11.1325,10.7265,11.2022,11.3776,9.3499,9.9847,9.7932,10.1818,9.5674,8.9337,9.1309,,,6.4134,5.0206,4.7636,7.3678,5.5359,4.5082,,,6.0542,5.1574,3.7889,,5.6816,6.3069,6.0385,6.9583,5.9047,6.6911,10.7112,11.4790,10.5799,10.1487,10.1715,10.6413,10.8804,,9.1883,9.5818,9.9762,8.7962,8.7424,,,,5.5191,6.8177,4.7643,4.4937,,,5.4347,3.8365,,6.6092,5.1349,6.0494,5.7527,5.8496,5.8047,11.2447,11.3780,11.1897,11.4400,10.9793,10.3479,10.1422,10.3007,10.1801,10.1889,9.5506,9.3059,9.4254,7.9891,,6.8095,,,6.3780,6.1076,4.6050,6.5440,5.8578,5.1804,4.2664,,,5.9944,5.1747,5.4753,,6.4811,4.6604,5.7915,4.7833,6.0495,6.8996,10.4591,10.5262,11.7498,11.2883,9.8279,11.1265,11.2066,9.8118,10.6297,9.8226,8.6844,9.0084,,6.3304,,,6.1562,5.6196,4.4301,5.8229,4.4395,4.1784,,,5.8994,4.7143,4.3288,,5.4497,5.2657,5.1043,5.8193,6.4632,4.4885,11.1191,10.6183,11.2813,11.6450,11.0278,,10.9796,11.2477,10.8233,10.3645,10.2379,10.1493,10.7332,10.2936,9.4684,7.6658,,7.1997,,6.1807,6.5812,5.2229,7.8141,4.4026,5.4683,,,4.6727,3.5982,,5.6058,5.4272,6.4364,5.7657,5.6052,9.3512,9.6512,9.7484,10.0195,9.9402,9.5797,9.7653,9.5310,9.2595,8.3653,9.9042,9.5088,10.0390,7.7797,,7.7628,,8.4765,4.9752,6.7580,6.8161,,,6.4206,3.9071,,4.7122,7.0237,7.1617,6.8714,7.4087,5.2045,9.5452,9.7046,8.6288,9.9828,8.9528,10.3413,,9.4195,8.7241,10.6151,8.3316,9.1364,7.1042,,5.3945,,,5.6993,5.8364,4.4783,5.0259,4.2092,,,4.7015,5.3287,,5.3756,5.0785,4.9253,4.1294,5.1379,6.1917,9.7573,8.4334,9.0519,7.3926,10.1623,8.7407,10.2684,10.3173,10.3175,10.4989,10.3133,9.9420,10.4356,10.1551,11.0445,9.7668,10.4399,10.3329,10.4508,,6.6284,,8.0642,4.9433,4.9985,5.9580,5.8221,,7.0950,7.4511,5.4571,6.5827,7.8162,7.2324,10.0030,9.4995,11.4570,10.3477,10.4803,10.5125,8.5231,9.4330,9.3785,9.6042,8.8276,8.5859,,4.4440,,4.8487,4.7852,,4.1180,3.8745,5.5207,4.0067,,3.6190,4.6986,3.4094,3.4639,4.1311,3.9242,9.8063,9.9695,11.0199,10.0403,10.5686,11.3110,,10.3916,10.6783,10.0569,9.9225,,,7.8576,,7.7822,5.9923,6.3217,6.5043,6.8915,4.7536,6.7087,,,7.3219,6.5407,4.7480,,8.6074,7.1459,6.2996,7.4082,,
280645572,8.9242,8.8387,8.9459,9.9936,9.3542,8.6164,8.8726,9.7626,6.6347,5.4794,7.3619,5.4723,4.8316,5.7086,4.4911,4.1290,,,,4.0813,3.6813,3.5129,3.6923,3.6402,3.4619,,,3.6217,3.5408,,3.7122,3.7392,3.8826,3.6266,4.0844,8.6145,9.0336,10.1211,8.8095,8.4664,9.1736,9.0311,7.4208,5.9086,7.1469,5.6464,7.2651,5.6302,5.5180,,,,,4.4300,3.3703,3.5323,3.4876,3.4943,3.6898,,,3.8302,4.1810,,3.5240,3.6155,3.6734,4.1236,3.8451,3.9732,8.4627,7.9641,8.1866,8.7493,8.4341,8.9114,8.8399,5.7012,5.6317,7.7792,6.3117,5.2959,6.1045,4.7064,,3.7318,,3.6384,4.1118,3.3616,3.7037,3.9106,,,3.5267,3.6109,,3.6353,3.5912,3.6732,4.1452,4.0434,6.9111,7.5343,8.8378,9.7910,7.6644,7.7851,8.9568,9.2517,,6.5411,5.3639,4.6460,4.3814,,,,3.6137,3.9127,3.7017,3.3438,3.5005,,3.4510,3.3359,,3.4708,3.4767,3.5905,3.8401,3.4669,3.6025,8.9579,9.3258,9.3242,8.4785,9.3595,9.4000,6.3144,6.5016,5.7281,,,,3.9374,3.5972,3.5171,3.5199,,3.6733,3.6388,,3.7279,3.6777,3.7627,3.9361,3.6638,3.6993,7.8420,7.6089,6.7363,6.7774,5.8820,8.7821,9.0278,9.3449,9.8872,9.4084,8.5064,9.4022,9.5633,5.8658,6.0973,6.8932,,,4.0806,4.0077,3.6033,3.6536,3.9013,,3.8954,4.3032,,3.7338,3.8959,3.4772,3.8624,4.5010,3.6517,8.7807,9.9033,9.2764,8.7348,8.8101,9.3433,6.7851,5.6992,7.2597,6.3404,6.8325,5.2829,6.9552,,,3.7450,4.3619,3.9382,3.8723,3.5867,4.0384,,,3.6116,3.9296,3.3843,,3.8264,3.8338,3.4935,3.6531,3.7785,3.5635,8.8305,9.5547,8.7056,7.7913,8.0078,8.3942,7.6533,,6.8689,6.7942,6.0023,6.3911,5.6181,,,,3.8755,3.6227,4.2076,3.5524,,,3.7678,3.5004,,4.1792,3.5956,3.8220,3.8391,3.5887,3.5944,8.9158,8.5876,9.0446,9.9603,8.5285,8.2641,6.5857,6.9352,7.0019,6.8636,6.9691,6.4933,6.8294,4.7858,,3.7730,,,3.6050,4.3559,3.6204,3.6999,3.9801,3.7342,3.6513,,,3.6525,3.6021,3.5768,,3.7501,3.6949,3.8073,3.5370,3.9414,4.2069,8.0903,8.6500,9.7727,9.2413,6.8724,9.3834,8.6304,6.4773,8.4281,5.8172,4.9249,6.4092,,3.9468,,,3.7399,4.0087,3.6113,3.4411,3.4301,3.9472,,,3.8356,3.6050,3.4642,,3.8198,3.6125,4.1615,3.7454,3.6857,3.8808,9.2783,8.1200,9.3525,9.7660,9.0196,,9.0220,9.1113,8.2092,7.1532,8.1832,7.1861,7.5690,8.0814,7.0551,4.6438,,4.3938,,3.6177,4.3837,3.4591,3.7823,3.7630,4.2509,,,4.0755,4.2589,,3.8708,3.5757,4.3324,3.9761,3.5754,6.6616,7.1074,6.6731,7.5308,6.9248,7.2660,6.3375,6.6654,6.5794,5.0369,6.9699,5.8749,6.9668,4.6236,,4.7561,,4.8578,3.4341,3.7220,4.3333,,,3.7785,3.7772,,3.4607,3.6133,4.1995,3.9409,4.4184,3.9288,6.7819,6.5926,5.7304,7.7253,5.9872,7.3714,,6.1699,4.6321,8.4118,4.2670,6.9546,4.9084,,3.7360,,,4.1410,3.6567,3.8623,4.0767,3.6930,,,3.5843,3.7923,,3.6427,3.7353,3.5836,3.6749,3.5497,3.6294,6.9372,6.1348,6.0361,5.9739,7.7732,5.6219,8.1698,7.9280,8.0260,8.0735,8.1151,7.6092,7.9135,6.7153,9.2135,6.8113,7.4155,7.4867,7.9360,,4.6318,,5.0327,3.8316,3.7483,3.7509,4.0299,,3.9738,4.2368,3.7142,4.7448,4.2449,4.0564,7.8422,6.9738,9.5159,8.4279,8.0159,8.5117,4.8984,5.9477,6.1549,6.5558,5.4345,6.0573,,3.5661,,3.4587,3.8717,,3.3436,4.1257,3.7639,3.4011,,3.4018,3.5066,3.6254,3.6712,3.2970,3.2670,7.6390,7.4829,9.0572,8.1758,8.6418,9.2595,,7.2748,7.1446,7.3122,6.9268,,,4.1109,,4.5882,3.9997,4.4635,3.7931,3.7680,4.3535,4.3313,,,4.1703,4.1157,3.4107,,4.4902,4.0792,4.0329,4.2532,,
280645577,10.5775,9.3991,9.5366,9.9145,9.5333,10.4307,10.9740,9.7650,9.2306,7.7377,8.5976,8.3636,8.4171,8.4799,7.4056,7.1707,,,,5.9491,6.8394,5.4988,5.9197,6.0134,5.1257,,,5.5312,5.7759,,6.2013,4.6332,5.1564,5.8274,5.4632,10.6484,9.5466,10.1762,9.6306,9.9989,10.9794,9.5474,9.4397,7.8282,8.6983,8.7744,9.3317,9.1589,8.4762,,,,,7.0596,5.3864,7.0107,4.9173,5.4341,5.6276,,,5.8956,4.3579,,6.3681,5.0533,5.1521,7.1225,6.6283,6.1956,10.0623,8.9269,9.0805,9.2233,10.1184,10.9769,9.3503,9.0654,7.5702,8.9221,8.7613,8.3302,8.6521,7.2266,,7.1904,,6.6990,6.3460,5.8382,6.4604,6.2338,,,5.3854,5.3309,,6.3607,6.1806,5.1452,5.8776,6.2535,8.8890,9.0559,9.4016,9.8878,9.2030,9.9590,10.7925,10.2147,,8.0068,8.3931,7.5276,7.5165,,,,6.1839,6.6005,4.6568,5.8337,5.3334,,5.8500,6.3831,,6.0685,5.5655,4.7787,6.3605,6.0132,6.3190,9.4861,9.8249,9.6079,9.9873,10.9538,9.6300,8.3041,9.4185,8.2618,,,,7.2805,7.0133,6.0261,6.2738,,6.4636,5.4258,,6.8312,6.1091,5.7889,6.7153,6.8883,6.4257,10.3393,9.1448,8.4965,9.1622,9.1654,10.6719,9.6656,9.5571,10.0358,9.4918,10.0052,11.0280,9.5717,7.6545,9.2038,8.8955,,,7.2155,6.9660,5.3467,5.8353,5.8300,,5.7508,4.6653,,6.0085,5.9389,5.5975,6.3275,6.0327,5.9034,9.4818,10.0866,9.5186,10.2814,11.0318,9.6743,9.5606,8.4023,8.7779,9.2209,9.5440,9.1845,8.9795,,,6.6951,6.5949,5.7101,6.9742,5.7610,6.5302,,,5.9651,6.1446,5.3994,,5.6482,5.8747,5.9204,6.2218,5.6960,6.3551,9.1850,9.6726,9.3621,9.6136,10.1612,9.1501,10.1179,,8.4368,9.7310,9.1841,8.8406,7.7477,,,,6.5257,7.0937,6.5532,5.6185,,,5.8420,4.3501,,6.2819,4.9689,5.4057,6.2645,6.1637,6.4189,9.5825,10.5399,9.6158,9.8869,10.4660,10.4754,9.0472,8.6284,8.8609,9.6643,9.3256,9.1869,8.8860,7.8342,,6.7832,,,6.5955,6.9051,5.5629,6.7037,6.8984,6.6578,6.6448,,,5.5932,6.6929,5.5830,,5.6913,5.4341,5.2503,5.5036,5.9267,5.6916,9.9440,9.2390,10.0472,9.5267,8.8375,11.1361,9.5384,8.4081,9.3139,8.7648,8.3703,8.6043,,7.4978,,,6.5901,6.1582,5.5595,6.5196,5.9536,5.9429,,,5.2249,5.8907,5.4713,,6.4653,6.0519,5.6439,6.1257,6.2428,5.8211,10.4827,9.2813,9.6455,9.9123,9.5218,,10.9301,9.6685,10.3639,8.6679,9.2276,9.5242,9.7407,10.0891,9.2378,7.3672,,7.8102,,6.3374,6.9275,5.7973,6.8180,5.7105,5.9439,,,5.1204,4.8633,,5.8484,5.3534,6.4358,6.3656,5.9346,9.1967,8.9890,8.5936,8.8351,8.6180,9.1269,9.2278,8.5066,8.0058,7.6301,8.8352,9.2261,9.6834,7.7964,,7.8834,,7.7062,5.9269,6.4061,6.9393,,,6.3112,6.5392,,5.8978,6.3487,6.8871,6.5329,6.8726,5.9901,8.9985,8.5521,8.1123,8.7154,8.2875,9.2234,,8.3855,6.6192,9.2883,7.8345,9.0904,7.1609,,6.3706,,,6.1876,5.3464,6.5928,6.5249,5.9115,,,5.9949,6.1054,,5.6591,5.4347,5.8558,5.9440,5.7258,6.3043,8.7691,8.0039,8.1562,8.1432,9.7601,8.4711,8.9650,9.0298,9.0485,9.7546,9.8337,9.2974,10.0231,8.2910,9.8393,9.2805,9.9961,10.3686,10.1929,,8.1149,,7.6292,6.5828,6.1343,6.9598,5.7674,,6.5736,6.2662,5.8637,6.7319,7.3856,7.0686,9.4440,8.6821,9.8428,8.9744,9.2055,10.4551,8.5807,8.0757,8.3864,9.0251,8.5545,7.9478,,5.7368,,5.9435,4.6751,,4.8759,5.0440,5.6810,5.2757,,4.7064,4.6874,4.4461,5.0850,4.9625,5.4428,9.3069,8.8650,9.5742,10.2360,9.4844,10.1755,,9.8090,9.3114,10.0805,9.5488,,,7.2776,,7.4083,6.7276,6.5353,6.3547,6.5924,6.5812,7.5555,,,6.8127,7.2159,5.8695,,7.4107,6.8589,5.4240,6.9834,,
280645582,10.5401,10.3749,10.7076,11.4322,10.7245,10.4888,10.6592,10.8298,9.7506,8.0203,9.3007,8.6988,8.8497,8.9191,7.2223,6.6854,,,,6.4381,7.0874,5.8583,5.8039,5.3394,5.5369,,,5.8059,5.4424,,6.1485,5.0521,5.4558,5.8131,6.0062,10.7639,10.6573,11.4994,10.5899,10.1634,10.8555,10.6291,9.6389,8.4695,9.1942,8.8513,9.6082,9.2813,8.2146,,,,,7.2928,6.3580,6.0639,5.9374,6.4113,5.3541,,,5.9016,5.7283,,5.8165,5.6434,5.2467,5.2153,6.5278,5.8594,10.1903,9.9801,9.8297,10.5102,10.2836,10.7284,10.4036,8.6924,8.0161,9.5559,9.0318,8.2302,8.5210,7.3087,,5.7708,,6.5110,6.5381,6.3191,6.0527,5.8288,,,6.1452,5.8636,,6.1176,6.0287,5.2081,5.9474,5.8095,8.8599,9.9009,10.5212,11.2832,10.3180,10.0307,10.6242,10.8194,,8.1716,8.4379,7.5651,7.4293,,,,5.8466,5.9924,5.7712,5.9147,5.6898,,6.2392,5.4151,,5.6954,5.9415,5.3491,6.2929,6.1826,5.7005,10.7453,11.1823,10.8216,10.2619,10.9727,10.8347,8.4532,9.3000,8.7891,,,,7.0773,6.8146,5.9444,6.3547,,5.8638,6.0865,,6.1538,6.3896,6.2525,5.8339,6.3861,5.6364,10.5862,10.1528,9.1126,9.1915,9.3181,10.5932,10.7308,10.6692,11.4083,10.8357,10.3518,10.9982,10.8198,8.3420,9.3532,9.0432,,,7.2447,6.7351,5.8677,6.2890,5.2350,,6.0684,5.5571,,6.1974,6.0814,6.0739,6.9134,6.4392,5.1838,10.6696,11.4275,10.6756,10.6578,10.7284,10.7954,9.6580,8.7966,9.4789,9.4543,9.8035,9.0011,8.9798,,,6.5172,6.6459,6.2205,7.8445,5.9564,5.5225,,,6.2255,6.4496,5.6530,,6.1958,6.0988,5.4950,6.2139,6.0163,6.7390,10.4131,11.1891,10.5689,9.9909,9.7874,10.2170,9.9812,,9.3459,9.6407,9.3008,8.4545,8.2389,,,,6.5202,6.8131,6.6860,5.2891,,,5.7181,5.8270,,6.6996,5.9975,5.4373,6.7768,6.2122,6.0606,10.7675,10.7350,10.7365,11.3597,10.6099,10.0754,9.3626,9.2509,9.6715,10.1162,9.1796,8.9197,8.7702,7.4836,,6.7471,,,6.5761,6.9486,6.3807,7.3500,6.1079,7.1492,5.7150,,,5.5606,6.0358,6.2097,,5.8290,6.1624,4.9303,6.1517,5.8173,6.6096,9.8844,10.3158,11.3107,10.9532,10.1277,11.0037,10.8412,8.7613,10.4617,9.5188,8.4189,8.5203,,6.0144,,,6.3595,7.0736,6.1126,6.8807,5.8339,5.6096,,,5.4808,5.8519,5.5481,,6.6040,5.6322,5.4129,5.8474,6.3383,5.4732,10.6939,10.3539,10.8767,11.3329,10.7293,,10.8152,10.7430,10.2568,9.1031,10.3816,9.0685,10.3067,9.9246,9.1484,7.4655,,7.3419,,6.4242,6.9983,6.1430,6.6928,6.0131,5.9739,,,6.5489,5.7390,,5.5740,5.5194,6.7494,6.0401,6.3621,9.3172,9.9003,9.2222,9.5940,8.8636,9.3587,8.8190,9.1759,8.5170,7.7029,9.4407,9.2773,9.4734,7.8647,,7.5329,,7.5775,5.4747,7.1361,6.9492,,,6.8573,5.4982,,5.7165,7.2003,6.8713,6.5532,7.1083,6.2179,8.8087,9.5498,8.2044,9.3495,9.0088,9.4597,,8.6790,7.6244,10.1013,7.3439,8.9622,6.8238,,6.9038,,,6.8199,5.9695,6.5558,6.0647,5.7745,,,6.2859,6.8481,,6.0853,6.0296,5.4481,6.3040,5.5240,6.1143,8.8972,8.2604,8.5001,8.1598,9.6954,8.7356,9.6328,9.7168,10.0904,10.2243,9.2963,9.4156,10.2688,9.0602,11.0397,9.5568,10.0679,10.2499,10.0539,,7.6342,,8.3847,6.4877,5.5633,6.0320,6.9920,,5.8766,6.8117,5.8603,6.7557,6.6618,6.0989,9.5575,9.4445,10.8596,9.9189,10.2976,10.2113,8.4798,8.7184,9.0736,9.4245,8.5716,7.8027,,6.0884,,5.6344,5.6587,,5.6134,6.0293,5.7903,5.9122,,6.0086,5.6250,4.9218,5.0433,5.1380,4.8994,9.6452,9.5579,10.6648,10.1372,10.5624,11.5421,,9.9493,10.3640,10.0183,9.5214,,,7.0732,,7.4426,6.8436,6.9837,6.3317,6.2024,5.9191,6.3754,,,6.9459,7.3332,6.2714,,7.4308,6.2501,5.8849,7.1934,,
280645587,11.6401,10.9497,11.2628,12.5479,11.8969,11.5369,11.0587,11.9253,10.3486,11.2240,9.8071,9.2785,9.5778,9.7087,7.8053,9.2896,,,,9.0517,6.9029,8.1293,7.8638,6.6401,6.9458,,,7.7918,7.6101,,7.6722,7.9055,5.8081,6.7367,5.8553,11.5566,11.4710,12.3652,11.8284,11.1509,11.2908,11.5328,11.1576,11.5287,10.0555,9.8255,9.9407,9.1109,8.7304,,,,,8.2785,7.5572,9.0721,7.9262,6.4490,6.3940,,,7.6448,7.4122,,8.2349,6.9809,8.6658,6.6299,5.8447,7.4895,11.4130,10.5829,10.7556,11.4150,11.1276,10.8702,11.3374,9.4627,11.0571,10.5822,9.8379,9.8517,9.3003,8.6820,,7.5374,,9.3327,8.2723,6.1942,8.1366,7.5433,,,7.5047,6.7616,,8.5561,7.2914,8.9268,6.1584,6.7553,10.5894,10.6811,11.5303,11.9302,11.0593,11.3653,10.8973,11.7776,,11.3733,9.3421,8.6255,8.7400,,,,8.8790,7.4619,6.4235,6.9051,5.8692,,7.3287,8.1966,,7.6134,5.8003,7.8259,5.7647,6.8237,7.3558,11.4741,11.8707,11.9542,11.1882,11.4525,11.5929,11.9247,10.0948,9.8938,,,,7.1212,9.6885,8.3514,7.0933,,7.9786,7.2802,,8.0101,7.8418,7.8669,8.2127,7.4163,8.4619,11.0537,11.2323,9.7944,9.6867,10.1109,11.8919,11.0549,11.8817,12.3825,11.6772,11.3782,11.2148,11.7738,11.8330,10.0293,9.6984,,,9.5920,7.8121,7.0463,8.1785,6.0096,,7.2671,7.3920,,8.1495,7.6056,7.9994,7.0056,6.3538,8.5546,11.6331,12.2355,11.7392,11.3831,11.2352,11.7370,10.2767,11.0149,9.8774,9.9662,10.7069,10.2738,9.9393,,,8.8470,7.5920,6.0401,9.9097,7.7207,7.2653,,,8.0048,7.1830,7.4934,,8.1188,8.4909,7.4121,6.1865,7.0998,7.9114,11.4839,11.8861,11.1917,11.3087,10.0231,10.9345,11.3033,,9.7018,10.0947,10.6670,9.8925,10.1019,,,,8.0302,9.6571,7.2324,5.5986,,,7.1364,7.3129,,8.3833,7.7700,8.2721,7.0198,6.5868,7.8161,11.2417,11.9433,11.9011,12.1415,11.6581,10.6389,11.0554,11.6615,10.6326,10.3447,10.4763,10.3178,9.1641,9.9135,,7.1582,,,8.3576,7.7181,7.3634,9.1166,5.7568,7.7153,6.4518,,,7.4040,7.0152,6.6193,,8.3225,6.5527,7.9175,7.1783,7.5613,7.8666,11.2592,11.7456,12.0896,11.9247,10.9848,11.8169,11.4101,11.5866,10.6039,10.3488,9.9239,10.2223,,8.1469,,,8.7045,7.8470,7.2370,9.3249,6.7943,7.4283,,,6.3757,6.8882,6.9323,,8.8882,6.7003,7.8816,5.3413,7.0303,6.6273,11.8786,10.6095,11.9155,12.3466,11.8118,,11.5238,11.6215,11.3260,11.5352,10.9984,9.9100,11.0693,10.6950,9.9981,9.6725,,8.6204,,8.5728,8.5104,8.3133,9.5236,6.8226,6.4982,,,6.3716,7.4406,,8.0776,6.9842,7.0333,7.0559,8.0032,10.7191,10.5716,10.7643,10.8922,11.0372,10.7812,10.2234,10.3693,10.5944,8.7482,9.6648,10.1945,10.6148,8.5079,,9.4263,,9.6565,8.2409,9.3231,9.1802,,,8.4738,7.9943,,7.7099,8.8786,9.3682,7.7483,7.5457,8.5119,10.3505,10.3818,10.3918,10.8536,10.0486,10.5003,,9.7537,10.9364,11.0894,8.9734,9.6534,8.1203,,7.7391,,,6.9182,8.5552,5.1615,7.1244,6.2216,,,8.1524,7.5696,,8.2543,5.4579,6.3791,6.9957,7.3365,8.9879,10.3041,9.4924,10.3045,8.8912,11.3733,10.0339,11.3676,11.1963,10.8523,11.2408,9.8149,10.7917,11.3348,11.0666,11.6534,10.7537,10.9350,11.1499,10.8991,,8.5440,,9.7616,9.1451,8.1030,6.6891,8.3420,,9.1025,8.4627,9.2356,8.4508,8.4291,7.1814,10.9775,10.4666,12.2737,11.2359,10.7471,11.0119,9.8990,11.0263,9.8497,10.5271,10.2965,9.3266,,5.1558,,6.3616,5.6909,,6.8341,5.2893,6.4797,6.1544,,5.4769,7.1300,4.0889,5.3079,4.6171,6.0000,11.0585,10.6452,11.8405,11.0017,11.2208,11.8010,,11.1102,10.9585,10.8820,10.6155,,,8.4870,,8.3310,8.1411,8.8631,8.3753,8.8072,7.1997,7.5484,,,7.4330,7.7438,9.3666,,9.3672,8.3090,9.2164,7.7179,,
280645592,12.2910,11.7563,12.4420,12.8631,12.6151,12.0755,12.2247,12.7783,11.7643,12.0579,10.9636,10.3746,10.9322,11.1930,9.7762,9.6924,,,,9.5020,9.2523,7.9910,8.0187,8.8981,7.2684,,,8.6560,8.0987,,9.6811,9.1535,9.1466,8.0467,8.2394,12.4836,12.4337,12.9894,12.6363,11.7521,12.2361,12.3492,11.8119,12.1567,11.2539,11.1568,11.5728,10.5920,10.4200,,,,,9.6644,7.9011,9.3969,7.5930,7.6858,7.1841,,,8.7291,8.6811,,9.3063,8.5165,9.1225,9.0285,8.7944,8.5316,12.2082,11.6814,12.0110,12.3394,11.7276,12.1404,12.3358,11.1142,11.4376,11.8007,10.8079,10.8998,10.4711,9.3948,,9.7402,,9.8191,9.2968,7.1827,8.7725,7.3120,,,8.4464,6.2309,,9.2417,8.1730,9.9095,7.6844,8.9188,11.2100,11.5304,12.4087,12.6813,12.3315,11.8879,12.1143,12.5897,,11.8102,10.6913,9.6403,9.6031,,,,9.1266,9.0795,7.7876,8.5388,7.6350,,8.7651,8.6404,,8.9829,8.7945,9.4430,9.0345,8.2945,8.6941,12.4325,12.6445,12.6430,11.8511,12.5504,12.3046,12.3768,11.2740,10.8716,,,,9.5279,9.1791,8.5193,8.6233,,9.0916,8.3009,,9.3430,8.9499,9.6278,9.4859,8.8098,8.4533,12.1993,11.8586,11.1172,11.0676,11.3342,12.6397,12.3759,12.4215,13.0396,12.4613,12.1032,12.2971,12.5102,12.5812,10.7145,10.8907,,,10.1683,9.5380,7.3715,8.2526,8.3263,,8.7136,8.1640,,9.9727,8.6293,9.9875,9.0613,8.7928,8.9586,12.4236,13.1506,12.6074,12.1076,11.9753,12.5565,11.9174,12.1421,11.4973,11.4141,11.6490,11.2252,11.0004,,,10.1760,9.4724,6.8199,9.7605,8.4038,7.7551,,,9.0252,9.3469,8.4559,,9.5784,8.1859,9.7530,9.4153,8.7562,8.9852,12.3623,12.8089,12.2343,11.8329,11.3804,11.8731,11.9218,,11.1398,11.4346,11.4173,10.4831,10.4156,,,,10.0193,10.1650,9.5391,7.6948,,,8.5541,7.7698,,9.1505,8.4334,9.3928,9.1859,8.6377,8.8222,12.3918,12.7783,12.5306,13.1453,12.1935,11.8833,11.8993,12.6386,11.8104,11.6954,11.7483,11.1845,10.5861,10.2542,,9.7656,,,9.4839,9.7424,6.5023,9.7450,9.6388,9.8089,7.8335,,,8.5894,9.0755,7.8895,,9.6586,8.6936,9.4980,8.9510,8.8436,9.2429,11.9840,12.2678,12.8142,12.7122,11.6442,12.6051,12.3579,12.3542,12.1984,11.5179,10.7056,10.8776,,9.3191,,,9.6278,9.6987,7.1752,9.4656,8.2575,8.1178,,,9.0194,8.7565,8.6683,,10.0850,8.4888,9.7793,8.8737,8.8099,8.3866,12.7087,12.0218,12.6607,13.0689,12.4478,,12.4399,12.5815,12.1046,12.3656,11.9477,11.0117,12.0909,11.8004,11.0696,10.3954,,9.7708,,9.4967,9.3752,7.6339,10.4717,7.9191,7.1385,,,8.2574,8.4064,,9.5682,9.2593,9.1223,8.7332,9.1222,11.7122,11.7109,11.4055,11.5925,11.5375,11.4569,11.1325,11.3240,11.5632,9.9317,11.4200,11.5039,11.5892,10.0383,,10.0248,,10.4308,7.9506,8.8389,9.9190,,,9.3764,8.9373,,9.0875,9.6913,10.7551,9.8505,9.5902,8.5762,11.2493,11.2419,10.8945,11.4938,11.3937,11.4660,,10.6783,11.6242,11.9952,10.4264,10.9126,8.9389,,9.2467,,,9.3458,7.5652,9.0959,9.9791,7.8698,,,9.5333,9.0012,,9.8650,7.4329,9.6221,9.6242,8.3164,9.6784,11.2205,10.6110,11.1253,10.5074,11.9959,10.9809,11.9206,11.8112,11.7149,12.2810,11.4070,11.4267,12.2448,12.2241,12.6965,11.7247,12.0707,12.2491,11.8673,,10.6027,,10.8995,8.7727,10.1312,9.5525,9.6854,,9.9453,9.4086,10.2231,9.8334,9.6895,9.4280,11.7951,11.1843,12.6574,11.8048,11.7876,11.7719,11.3276,12.2129,10.8469,11.4157,11.2903,10.5215,,8.9456,,8.6175,7.5193,,8.3786,8.2402,8.1149,8.6139,,8.1427,8.1375,7.9163,7.5610,7.5338,6.8770,11.7158,11.6698,12.5338,11.6141,12.2073,12.7793,,11.9190,12.0444,11.8774,11.7004,,,9.6564,,9.5854,9.4882,8.9479,9.1565,9.7640,9.2146,9.5341,,,9.3248,9.7340,9.7608,,10.2987,9.3969,10.0694,9.7292,,
280645597,12.4475,12.0729,12.3512,12.9413,12.6708,12.1777,12.5362,12.6889,11.9394,11.9997,11.3752,10.8209,10.9146,10.9953,9.8825,9.8503,,,,9.2838,9.3351,7.6557,8.5705,8.2908,6.8998,,,8.8891,7.5219,,9.3376,9.4235,8.7678,8.4381,8.3174,12.7645,12.3943,13.0729,12.4869,12.0199,12.4936,12.4250,11.9058,11.9101,11.5116,11.4020,11.6415,10.8214,10.8649,,,,,10.0126,6.9821,9.1014,7.5779,8.0354,7.5016,,,8.8076,7.5839,,9.3091,8.6309,9.1336,9.6599,8.3605,9.1432,12.3178,11.9771,11.7429,12.3730,11.9304,12.5859,12.4960,11.6448,11.3703,12.0419,11.1974,10.6755,10.7550,9.9351,,9.5162,,9.7473,9.1303,7.1393,8.4025,7.9847,,,8.7384,6.5730,,9.0332,8.7643,9.3999,9.4042,9.0609,11.2831,11.9245,12.4722,12.7704,12.4047,12.0229,12.4479,12.6518,,11.6601,10.7923,10.2152,9.9267,,,,9.3581,9.1296,6.8344,7.7519,7.2995,,8.7873,8.6810,,8.2799,8.3130,9.0569,9.0686,8.9805,9.1259,12.3690,12.3598,12.5157,12.1039,12.5588,12.4955,12.0615,11.2950,11.1637,,,,9.1304,9.3775,8.2780,7.7303,,9.3182,7.7217,,9.3922,8.9968,9.8574,8.9794,9.2995,7.2721,12.4852,11.9421,11.4615,11.5031,11.4999,12.7147,12.4703,12.4773,12.8864,12.5005,12.2333,12.4316,12.5988,11.9325,11.1888,11.2407,,,10.2652,10.0862,7.7070,8.0800,7.9923,,8.6173,7.6098,,8.8685,8.7722,9.4439,9.5356,8.9371,8.6017,12.1185,12.9666,12.6968,12.2476,12.3299,12.5564,11.9737,12.1314,11.5771,11.2868,11.8530,11.4033,11.3067,,,9.8827,9.0639,6.9392,9.2642,7.5688,7.6156,,,9.3232,9.2249,7.8911,,9.0796,8.6087,9.4636,9.5661,9.0717,9.0817,12.4114,12.8597,12.2077,12.1945,11.8431,11.9418,12.0373,,11.3257,11.8903,11.6382,10.8539,10.6887,,,,10.0601,9.4860,7.8533,7.7186,,,8.7842,6.3079,,9.5866,8.5033,9.1474,8.9538,8.6277,8.8625,12.5809,12.7063,12.4779,13.0750,12.4308,12.1148,12.2684,12.4410,11.9302,11.9525,11.7173,11.4846,10.8718,10.4410,,9.3713,,,9.5164,9.4918,6.9669,9.5356,7.2987,7.9018,8.3066,,,9.1407,8.6955,7.2891,,9.5035,8.4987,9.6691,9.1590,8.8863,9.3275,12.0639,12.3878,12.8538,12.6645,11.5147,12.4860,12.4422,12.2221,12.2531,11.7714,10.9612,10.9296,,9.0969,,,9.5806,9.3002,7.9601,9.4572,8.5469,8.0914,,,8.4579,8.4114,7.2832,,9.5005,8.3373,9.5620,8.7985,9.5042,8.3323,12.6010,12.1827,12.7083,12.8248,12.5005,,12.4858,12.4620,12.3141,12.0643,12.1394,11.7840,12.2524,12.0744,11.3630,10.5878,,10.1340,,9.4981,9.6949,7.5836,9.3842,7.9261,7.5896,,,8.0359,7.6485,,9.0105,9.3062,9.5409,9.3136,8.9125,11.7644,11.7682,11.7548,11.8291,11.7573,11.6977,11.1536,11.5098,11.7224,10.3047,11.7232,11.8289,11.7303,10.2817,,10.3830,,10.7245,7.9720,8.9441,10.1569,,,9.1765,8.9555,,8.7861,9.8201,10.8199,9.8752,10.0013,8.0314,11.3705,11.4542,10.9927,11.6661,11.3945,11.5746,,11.0896,11.4119,12.3154,10.4943,11.1795,9.2597,,9.3469,,,9.6543,7.7230,8.2012,8.7954,7.6466,,,8.9079,8.8923,,8.9190,8.0837,9.1584,8.8300,8.7554,9.2780,11.2794,10.7747,11.0868,10.7387,11.9230,10.9399,11.9106,12.0059,11.8222,12.2943,11.5127,11.6699,12.3258,12.1812,12.7974,12.0279,12.2705,12.2695,12.1309,,10.6301,,10.9989,7.7909,9.3734,8.9750,9.2344,,9.9682,9.7275,9.7266,10.0271,10.0651,9.8403,11.8787,11.5026,12.6309,11.9906,12.1751,12.0152,11.1527,11.9093,11.2316,11.9154,11.2073,10.6223,,8.4786,,8.3012,7.4751,,7.8659,7.4486,8.4274,7.1071,,7.3516,7.2108,6.9395,7.2123,6.8233,7.3236,11.8455,11.7568,12.6442,11.9473,12.3319,12.9983,,12.1103,12.4670,11.9887,11.9111,,,10.1580,,9.8776,9.5330,9.6289,9.5974,9.7036,9.4300,9.3508,,,9.4627,9.5886,9.5096,,10.3884,9.3353,10.0551,10.1118,,
280645602,12.3431,12.1017,12.1358,12.8356,12.3531,12.0350,12.3077,12.1192,11.8373,11.2921,10.7467,10.4353,10.8822,10.6702,9.2528,10.1619,,,,9.7433,9.1044,9.0370,9.8466,8.1187,8.1212,,,9.0225,8.8597,,9.3073,8.9818,8.7177,8.4152,8.0668,12.3961,12.0794,12.7728,12.2441,11.7528,12.2688,12.0956,11.7604,11.4456,10.7284,11.0519,11.5524,10.5547,9.9785,,,,,9.7281,9.0981,10.2010,9.7224,8.5038,8.9011,,,9.0954,9.3639,,9.1781,8.6385,8.8969,9.3170,9.0883,8.9162,12.1911,11.9007,11.6368,12.1138,11.8225,12.0878,12.2845,11.1744,10.9359,11.4879,11.1928,10.6689,10.5295,8.8814,,9.6165,,10.1190,8.8851,8.9213,9.9373,8.7812,,,9.2517,9.1831,,9.0008,8.9733,9.5074,9.4494,8.9608,11.1217,11.6461,12.0808,12.6554,12.1373,11.9393,11.9851,12.4048,,11.1368,10.8172,9.7438,9.0452,,,,9.3389,8.9025,8.9103,8.9013,6.8709,,8.7015,9.2235,,8.5976,8.5558,8.6988,9.0326,8.8035,9.0779,12.0563,12.3656,12.2194,11.9284,12.2525,12.3366,11.4373,11.0769,10.2216,,,,9.5798,10.5157,10.2381,6.7621,,9.0078,9.4581,,9.0967,9.2844,9.1703,9.6715,9.2834,8.3869,12.1231,12.0130,10.6786,11.3514,11.2002,12.3200,12.5255,12.1703,12.7134,12.1379,11.8004,12.0313,12.1316,11.4797,10.7165,10.3623,,,10.1595,9.8601,9.4980,9.9576,8.1381,,8.8632,9.2848,,9.2206,8.9391,9.2619,9.5710,8.8277,8.6938,12.1451,12.7956,12.4788,11.9075,12.0970,12.2712,11.8516,11.6865,10.9202,11.4925,11.7011,11.0933,10.7134,,,9.6705,9.2557,9.0912,10.7684,9.6805,8.9265,,,9.0637,8.6292,8.9776,,9.1126,8.8388,9.0245,9.5965,9.0350,8.6727,12.0329,12.6570,11.9301,11.8892,11.4948,11.9103,11.7693,,10.9176,11.5145,11.4079,10.3183,10.6950,,,,9.7884,10.2928,10.2390,8.2199,,,8.5926,8.5463,,9.2975,8.7419,8.9902,9.2287,8.9336,8.9683,12.2979,12.4291,12.1502,12.7359,12.1565,12.0595,11.7986,11.8718,11.0589,11.8023,11.5726,10.8821,10.7481,10.4904,,9.4243,,,9.4293,9.1119,9.3881,10.4284,10.3180,9.1009,9.0431,,,9.2673,8.7098,8.5636,,9.3941,8.9121,8.9741,9.5172,8.7641,9.0213,11.7347,12.1077,12.4162,12.1457,12.0106,12.3407,12.3833,11.5729,11.5514,11.6290,10.8017,10.2645,,9.5148,,,9.3985,9.0418,9.3604,10.2777,9.8412,9.0922,,,8.8135,8.6110,8.8897,,9.6002,9.0499,9.2277,9.0751,9.3378,8.7957,12.1638,12.1126,12.2353,12.6576,11.9277,,12.3820,12.2549,12.0504,11.6428,11.5844,11.3568,11.8621,11.3622,10.5604,10.5802,,9.5246,,9.4252,9.6810,9.8897,10.5100,9.2934,8.1709,,,8.5653,8.5970,,9.0324,8.8907,9.3982,9.0035,9.1883,11.3744,11.7696,11.1967,11.4880,11.1658,11.5422,10.6588,11.1443,11.2295,9.6649,11.4920,11.5691,11.4039,9.6458,,10.4078,,10.6781,9.7962,11.1194,9.8014,,,10.3700,10.2294,,9.0901,10.0327,10.5785,10.2418,9.9333,9.5939,10.8488,11.2340,10.5977,11.3540,11.1244,11.2923,,10.8503,10.8686,11.7628,10.2353,10.6467,8.9343,,9.0098,,,9.4811,9.6721,10.4574,8.7970,8.5406,,,9.5812,8.5844,,9.5731,8.9041,9.3726,9.6679,8.7311,10.1076,10.7316,10.8483,10.5334,10.9694,11.5202,11.2233,11.6944,11.7080,12.0179,12.0754,11.3362,11.5017,12.1053,11.7198,12.1940,11.5489,12.1145,12.0233,11.3899,,10.4882,,10.5871,10.3185,9.0375,9.5937,10.2593,,10.1668,10.2580,10.4285,9.9107,10.0834,9.9338,11.5627,11.4738,12.6482,11.5883,11.9850,11.6200,11.3801,11.6129,10.5875,11.7274,11.2631,10.0175,,7.7845,,8.2086,7.7419,,8.4101,7.6560,8.4248,8.4911,,7.9685,7.8314,5.6980,6.6779,7.2046,8.3081,11.4589,11.4483,12.3122,11.6001,12.0267,12.9654,,11.8076,12.2636,11.7792,11.0997,,,9.9110,,10.2643,9.2292,9.7745,9.4796,9.9946,9.1581,8.8210,,,9.3228,9.1587,10.1424,,9.9729,9.0992,9.6264,9.6869,,
280645607,11.3292,10.7912,11.2545,11.9643,11.3275,10.9408,11.2891,11.5164,10.5001,9.6947,9.8764,8.5628,9.0335,9.3260,8.4518,8.1449,,,,7.8347,7.8917,6.1266,6.2753,7.5747,6.1857,,,7.4607,6.7406,,7.8955,7.0989,7.4285,7.0442,7.1826,11.3042,11.1966,11.9001,11.3488,10.6573,11.3269,11.2691,10.4762,9.2833,10.1989,9.5963,9.9670,9.6947,9.3125,,,,,8.4644,5.5641,6.4032,6.1882,7.0847,6.3830,,,7.4969,6.0664,,7.7390,7.0170,7.2980,7.2250,7.5497,7.5773,10.8141,10.1721,10.5766,10.9964,10.8317,11.1172,11.1505,9.9515,9.2811,10.5203,9.2998,9.1552,9.2873,8.4580,,7.9324,,7.9675,7.5630,5.4364,7.4225,6.6858,,,7.1949,5.7140,,7.6412,7.1260,7.3662,7.3633,7.3639,9.5907,10.4194,11.2468,11.6766,11.2205,10.7328,10.9901,11.4177,,9.8548,8.9609,8.6980,8.5241,,,,7.0636,7.8499,5.7481,5.8264,5.9486,,7.4424,6.1360,,7.1914,6.5639,7.4851,6.9636,6.7060,7.7362,11.0664,11.3381,11.3049,10.7984,11.1362,11.2476,10.1030,9.9009,9.7635,,,,8.1294,7.5115,6.3800,6.6301,,7.6878,6.0374,,8.0662,7.1484,8.0770,7.0079,7.6389,5.9015,10.9271,10.5495,9.8915,9.9141,9.8986,11.3643,11.0529,11.0700,11.7877,11.2885,10.8776,11.1914,11.3166,9.8804,9.5150,9.5337,,,8.2148,8.1483,6.1830,6.6336,6.9497,,7.7470,5.9630,,8.2236,7.4012,7.5049,8.1532,7.4396,7.4514,11.0341,11.8542,11.3410,10.8864,11.2172,11.4182,9.6473,10.2834,10.1495,9.7799,9.9524,9.4962,10.1098,,,7.9134,8.4748,4.9813,7.7246,5.6923,6.8325,,,8.0159,7.3693,6.2050,,7.9051,7.2978,7.7003,7.7782,7.7756,7.9244,10.9747,11.7021,10.9508,10.6807,10.4855,10.9245,10.4787,,9.5830,10.2205,10.2090,9.1948,8.9957,,,,8.6546,7.3711,6.7272,6.4348,,,7.1153,6.2037,,7.8986,6.8174,7.2117,7.3004,7.0637,7.3038,11.1532,11.2492,11.3123,11.8601,11.0263,11.0183,10.6319,10.6508,10.4168,10.2251,10.0681,9.6600,9.4047,8.3663,,7.4699,,,7.1729,8.1765,6.1212,7.5041,6.4290,7.6374,6.3743,,,7.1518,7.3935,5.8011,,7.9958,7.2945,7.3332,6.9372,7.5499,7.7579,10.5836,11.0553,11.6700,11.5032,10.6054,11.1608,11.2421,10.2584,11.0903,9.5850,9.3516,9.5461,,8.2664,,,7.6152,7.9905,6.0514,7.1896,6.6310,6.5475,,,7.2068,7.3625,5.6128,,8.0696,7.4898,7.2253,6.9738,7.5287,6.7538,11.1499,10.7188,11.2742,11.5794,11.1641,,11.3542,11.1844,10.7590,10.1580,10.7966,10.1650,10.7099,10.4100,9.8472,8.4909,,8.5079,,7.3466,8.3783,6.5656,7.5170,6.5403,6.8535,,,6.8625,5.4535,,7.3848,7.1495,7.6842,7.3058,7.0160,10.0715,10.2950,9.9516,10.2645,10.1067,10.0866,9.4710,9.9112,9.5268,8.5405,10.0941,9.7249,10.0090,8.5842,,8.4900,,9.1270,5.9148,6.7334,8.2315,,,7.8432,6.4351,,6.8020,7.7664,8.6842,7.9267,8.2394,7.4506,9.7484,9.5648,9.3616,9.7989,9.7464,9.8592,,9.3715,8.8691,10.8197,8.6452,9.4697,8.3070,,7.9203,,,7.7566,5.3003,6.1466,7.6237,6.4013,,,7.3361,7.4479,,7.2950,6.2316,7.1677,7.3760,6.8943,7.7382,9.4604,8.8149,9.3486,8.7869,10.2506,9.0825,10.5111,10.5152,10.1790,10.7872,9.1805,10.3029,10.7053,10.5736,11.4466,10.3968,10.6743,10.5643,10.5966,,8.8034,,9.4133,6.5904,7.7206,7.4680,7.8477,,8.2398,8.0444,8.0490,8.0731,8.3151,8.2107,10.2506,9.8834,10.8322,10.5391,10.7211,10.4852,9.7013,9.8764,9.8408,10.1623,9.4496,9.0019,,6.8024,,6.2152,6.2877,,5.6634,6.5591,6.5498,5.7526,,6.2442,5.9741,5.2466,4.9447,6.1592,6.8942,10.3246,10.3924,11.3660,10.6784,11.0749,11.9728,,10.2164,10.4275,10.3576,10.3424,,,8.5842,,8.0020,8.3093,7.9087,7.7502,7.6219,8.6494,9.1936,,,8.1311,8.3077,7.6230,,8.4357,8.0675,8.0547,8.1751,,
280645612,11.1481,10.9367,10.9959,12.3866,11.4218,10.7399,11.0434,11.7512,9.7978,9.6932,10.1274,8.6688,8.9966,9.2564,8.1348,9.1492,,,,9.6170,9.1834,8.8859,8.5639,7.7082,8.6012,,,8.4397,7.9215,,7.1804,8.6748,7.2621,8.1917,8.5812,11.0298,11.3705,12.0430,10.9577,10.6355,10.8115,10.9273,10.3937,10.1022,10.5690,9.5810,9.6338,9.0612,9.5728,,,,,8.6525,8.7189,8.1884,9.5777,9.2841,7.7016,,,8.1844,9.4936,,8.5142,7.8415,8.1849,8.9599,8.0294,8.6139,11.0194,10.3378,10.4527,10.7896,9.8320,10.5550,10.7302,9.7047,9.6637,10.6745,9.2995,9.4697,9.4219,8.2761,,8.4702,,8.5297,8.8969,9.7280,9.7904,6.9701,,,7.9656,11.2241,,8.2675,7.5055,9.1672,7.7970,9.1514,9.3808,10.7769,11.1502,11.1978,10.9270,10.7955,11.1345,11.1922,,10.2953,8.4544,8.3968,8.8678,,,,9.4570,8.2379,7.9744,10.3624,6.9391,,8.5435,8.5479,,7.2059,7.7560,8.5291,9.1131,7.1437,8.3429,11.6549,11.0572,11.2671,10.5622,11.0628,11.1329,10.4703,9.6833,9.0704,,,,8.8427,8.9959,10.1988,9.5485,,8.3895,9.3942,,8.4469,7.7563,9.0601,7.4873,7.6434,8.0311,10.9388,10.6807,9.6818,9.6650,9.4876,11.1238,11.0329,11.5386,11.8182,11.3952,11.2140,11.0020,11.0004,9.4746,10.0672,10.1018,,,9.5797,8.0536,8.7638,9.6188,7.7296,,8.5927,9.5896,,9.0379,7.5950,9.7507,9.0297,8.4488,7.4559,11.4176,11.9193,11.3886,10.9909,11.2952,11.3466,10.0330,10.2333,9.9658,9.6456,9.3278,9.6865,9.9276,,,10.1674,8.3386,9.5419,9.9104,10.5009,8.3697,,,9.1647,8.0812,8.8775,,8.7486,7.5759,8.8172,8.2131,8.5628,8.6706,11.6504,11.6647,10.7061,11.0783,10.5297,10.8889,10.6319,,9.8723,9.4650,10.2432,9.5182,9.8632,,,,9.1568,9.1279,9.5224,8.2646,,,8.2984,10.0959,,8.5262,8.3269,8.4234,7.9976,7.8443,8.9504,10.9430,11.5165,11.7247,11.8032,11.1099,11.0490,10.7012,10.7457,10.5109,9.8435,9.5289,9.7002,9.6933,10.3502,,9.5659,,,8.9430,8.0365,8.8656,8.9983,8.7988,9.1273,7.7904,,,7.8353,8.7060,10.4837,,8.8893,7.5722,8.0738,6.8357,8.0640,7.1941,10.4279,11.5498,11.7805,11.2702,9.5207,11.7118,11.1144,10.3321,10.9518,9.8469,9.7056,9.9708,,7.8028,,,9.2635,8.6606,9.9061,9.5699,9.6239,7.8773,,,8.0926,8.3282,9.6837,,9.4995,6.8467,9.0977,9.1956,8.9240,8.1140,11.1997,10.8914,11.5124,11.7110,11.7305,,10.6112,10.7004,10.6795,10.8890,9.9789,9.9088,10.5337,10.3436,10.2994,10.2364,,8.6028,,8.4537,8.1628,9.3288,8.5450,10.9049,7.7500,,,8.2968,10.7886,,8.4500,9.2495,8.3710,8.4148,7.8985,9.5553,9.8751,9.9584,10.3740,10.0232,10.3012,10.2379,9.7668,10.0753,7.9878,9.8250,9.1644,10.1471,8.9892,,10.1414,,9.1264,9.4953,10.0659,8.6383,,,9.5369,8.9982,,7.3538,9.3399,9.4502,9.7588,8.9045,8.7948,9.5893,9.5234,9.3900,10.4142,8.8977,10.2020,,9.2383,9.2602,10.2000,9.3533,10.1047,8.8035,,9.3358,,,8.6251,10.6672,8.9838,8.7480,8.6015,,,8.9002,8.0081,,9.0434,8.3612,8.9979,9.2828,7.9440,9.8474,9.9952,9.3916,8.9837,9.1810,10.0382,9.2300,10.6122,10.7937,10.0887,10.7848,10.4211,10.0611,10.4775,9.8901,11.0422,9.6666,10.7485,11.0003,11.2105,,9.7763,,10.2381,9.7828,9.1162,8.1150,9.1989,,9.5197,9.4195,9.6940,8.7554,9.5893,9.2027,9.7305,9.7262,11.1712,10.8731,10.4270,11.1028,9.3888,9.9946,9.5817,10.0158,9.9984,9.2513,,7.6821,,8.6465,7.5872,,9.0005,7.4995,7.8800,8.1605,,7.6317,7.1346,9.5906,8.2617,8.1755,8.8108,10.3059,10.5315,11.5265,11.2683,10.5750,11.6861,,10.5003,10.2352,10.6471,10.6057,,,9.5087,,8.8916,7.4385,9.3243,9.2287,9.1028,9.1088,8.6399,,,8.0671,8.9249,8.8047,,8.5012,8.8489,8.9070,9.1456,,
280645617,11.5289,11.2732,11.4106,12.3409,11.5917,11.3853,11.5574,11.6981,10.4728,10.4127,10.4052,9.2069,9.1905,9.8958,9.2229,9.6017,,,,8.8674,7.7595,8.7311,8.3490,7.1220,6.2507,,,7.4712,7.7142,,8.5303,7.0380,7.3739,7.3099,7.2961,11.5189,11.5103,12.0627,11.5181,11.1451,11.3213,11.5621,10.8528,10.3919,10.5011,9.8951,10.2283,10.0007,9.6744,,,,,8.9403,8.4259,9.2988,8.6865,7.6105,7.8065,,,8.0978,8.2432,,8.2709,7.5546,7.2525,7.5914,7.1051,8.3012,11.1555,10.8602,10.7934,11.2265,11.1190,11.1370,11.2829,10.6704,10.0057,11.3208,9.8181,9.8438,9.6534,8.8503,,8.6328,,8.7414,8.3278,8.1198,8.7989,8.7663,,,8.1594,8.4118,,8.3709,7.5284,8.6131,7.8012,7.4408,10.1581,10.9531,11.3555,11.9112,11.3202,11.1899,11.1168,11.6841,,10.2638,9.2540,9.1016,9.1563,,,,8.1189,8.3965,8.3146,6.9240,6.7141,,6.8308,8.8151,,7.7834,7.1826,7.6646,7.8013,7.3479,8.0941,11.4897,11.6662,11.6691,11.1360,11.4232,11.6188,10.7418,10.4544,10.4230,,,,8.2284,9.7165,8.9251,7.5295,,8.2082,7.6006,,7.7881,7.8611,8.0777,8.4690,8.3039,8.0786,11.2468,11.1177,10.2309,10.3031,9.8263,11.5401,11.5743,11.6982,12.0260,11.6397,11.1396,11.3182,11.6659,10.6747,10.1307,10.3231,,,9.4906,8.9438,8.0487,8.5694,7.1191,,7.9148,7.8290,,7.5258,7.9942,7.0682,8.3838,7.7238,7.8668,11.4221,11.9155,11.8056,11.2033,11.4415,11.6690,10.0878,10.6588,10.6649,10.1286,10.4692,10.8088,10.4178,,,8.5986,7.5651,8.8177,9.9605,8.4942,8.8858,,,8.4315,7.4610,7.9875,,7.9210,7.9110,7.8075,7.7297,7.7562,8.4059,11.3462,11.7677,11.2719,11.1416,10.6911,11.2065,11.2325,,10.4809,10.0913,10.2696,9.9811,10.0570,,,,8.5785,9.3257,8.0955,7.4117,,,7.2875,7.5402,,8.2322,7.8544,7.8462,7.7810,7.3788,8.3462,11.3996,11.5820,11.5764,11.9890,11.4105,11.3279,11.1637,11.0617,10.8578,10.5897,10.5693,10.4414,10.0070,10.0680,,8.1467,,,8.0407,6.0794,8.5434,9.3444,8.1975,8.6538,7.6397,,,7.7146,7.3412,8.3785,,8.1482,7.6568,7.4012,7.2124,7.9947,8.2901,10.7711,11.3980,11.8395,11.6922,10.9239,11.6517,11.6135,10.7482,11.4352,10.5600,9.9211,10.1031,,8.8818,,,8.4146,8.1177,8.6119,9.5024,8.3786,8.3276,,,7.1083,7.7055,7.1466,,8.4960,8.4578,7.3828,7.5532,8.5627,8.3228,11.5234,10.9723,11.5169,12.0472,11.5387,,11.4771,11.4531,11.1569,10.6323,11.0241,10.2675,10.8341,10.8622,10.3794,9.8963,,8.8226,,8.3188,8.4404,9.2638,9.5809,7.9619,7.5709,,,6.8216,7.1615,,7.9220,7.6845,8.5225,7.8995,8.1136,10.3137,10.4536,10.5019,10.6543,10.6418,10.7649,9.9548,10.3053,10.0866,9.0667,10.2351,10.2593,10.7999,9.1178,,9.4465,,10.0671,9.2257,10.0821,8.9931,,,9.1912,9.4313,,7.5065,9.5330,9.8097,9.0238,8.7931,8.7409,10.0469,10.2764,9.8472,10.7490,10.2890,10.4915,,10.1674,10.1472,11.1643,9.6554,10.2764,9.1332,,8.2618,,,8.4681,8.7270,8.2895,7.5993,7.8542,,,8.2696,7.4836,,7.5892,8.1005,7.4660,8.0968,7.5100,9.5558,9.8891,9.7516,9.7655,9.0783,10.6482,9.5078,11.0974,11.0285,10.8795,11.1750,10.4230,10.6800,10.9175,10.6399,11.7007,10.5431,10.9513,10.9845,11.1167,,9.6629,,9.8453,9.7005,7.9448,8.5085,8.5189,,9.5264,9.3913,9.5892,9.2444,9.5048,9.4883,10.8118,10.3804,12.1614,10.9350,11.0734,11.1103,10.1802,10.4152,10.2410,10.7857,10.2608,9.5669,,6.6512,,6.1618,5.6958,,7.2554,5.8916,6.4146,6.7840,,5.3199,7.1304,4.3192,5.0624,6.3628,7.9807,10.7038,10.8149,11.7388,10.9618,11.2560,12.2199,,10.6443,11.1048,10.8724,10.6508,,,9.3637,,8.5702,8.5635,9.4803,8.6345,8.8661,9.2525,9.7108,,,8.6313,8.7111,9.1224,,8.9972,8.9571,8.8475,8.7250,,
280645622,6.1203,7.0210,6.3885,8.2341,6.1284,6.1278,5.2100,5.7385,6.4517,5.2335,4.6582,4.9716,5.7273,4.7059,5.0229,4.8159,,,,3.8397,4.7118,5.1623,6.4186,5.3507,5.3165,,,4.2948,4.8071,,4.9104,4.2854,5.7786,4.4460,5.5661,5.6564,7.0805,6.6793,6.8536,6.0035,5.7929,5.4636,6.8059,4.5882,5.5722,4.7691,6.6246,4.6978,4.0749,,,,,4.6674,3.9937,4.9322,4.4219,5.2726,5.0785,,,4.7285,5.6409,,3.5814,4.1281,4.3964,4.8805,4.6784,4.5854,5.6881,7.1344,5.7983,6.1103,6.3217,4.9349,5.7914,6.0114,4.6749,5.9045,5.8679,5.1585,4.4887,4.1983,,5.0600,,4.4468,3.9433,4.1392,5.6860,4.7954,,,4.4687,5.1791,,4.2307,4.3120,4.1453,5.2123,4.7760,4.3379,6.6395,5.9808,6.8930,5.3849,6.2433,5.2700,6.4276,,5.0605,5.3104,4.5066,4.3721,,,,4.1677,4.4040,5.1193,4.6593,5.1353,,4.1866,5.8361,,4.6754,4.1590,4.7622,5.7189,4.4972,4.3155,6.2309,7.1091,7.3542,6.4410,4.8415,6.0295,4.6207,6.0923,4.4393,,,,5.5986,5.3469,5.3072,5.0551,,4.0456,5.9600,,4.0206,4.5678,4.9119,5.1779,4.8150,4.3841,5.3746,6.4828,4.8825,5.7452,5.3813,5.7441,6.1114,7.7095,7.5181,6.5767,5.3570,5.8594,6.5547,4.5253,4.7047,4.4600,,,4.6580,4.8591,4.3881,4.5387,5.3684,,4.0605,6.2807,,4.4591,4.1483,5.3355,6.1767,4.2546,4.7558,6.2595,6.9419,6.1015,5.3535,6.0265,5.6579,6.4495,4.9024,4.8793,6.4383,6.3362,5.1977,4.7742,,,4.3939,4.9539,4.7831,6.1734,5.4350,4.7593,,,3.9845,4.6361,6.0149,,4.4371,3.9470,4.1264,5.0573,4.5838,3.9676,5.9571,6.5331,6.0718,5.5249,4.6104,5.1369,7.9763,,5.1757,6.1645,6.2740,4.3020,4.6067,,,,4.9850,5.1257,5.0468,5.4436,,,4.0741,4.6329,,3.7160,4.1745,4.6056,5.3798,4.4240,4.9020,5.5913,5.6916,7.2214,7.0229,6.0800,6.2411,7.3296,5.0292,5.7309,6.9395,6.2398,5.6388,4.1738,4.2727,,4.3738,,,4.1304,4.4346,4.5604,5.7484,5.3668,5.8165,4.9844,,,4.8997,4.2098,4.8868,,4.2926,4.5921,5.0172,5.8042,3.7874,4.2523,4.7695,6.0954,6.7090,5.3780,5.9262,4.9305,6.5742,4.3413,5.5757,7.4950,4.4444,4.3479,,5.8352,,,4.3189,4.2749,4.9045,4.9068,5.2026,5.0322,,,4.7981,3.9632,4.7664,,5.7428,4.1838,4.7629,5.7269,4.8525,5.1600,5.3593,5.4749,7.2858,8.0891,6.0445,,6.3196,6.4567,7.1163,4.1696,5.8265,6.5204,6.7142,5.4250,4.9750,4.4617,,3.7712,,4.3162,4.7125,3.8736,5.3593,4.0276,5.5062,,,5.0049,4.4439,,4.9148,4.9258,4.7645,4.9246,4.0086,4.5942,5.4635,6.0855,5.3823,6.1556,5.7509,4.5893,4.8904,4.6812,3.9692,6.0575,6.5050,4.9682,4.0006,,4.5802,,4.0981,4.3509,5.3499,3.8186,,,5.7456,5.5321,,3.9114,5.0162,4.3257,5.5007,5.3931,4.9216,4.0087,4.1782,4.2450,5.2532,4.6749,5.4412,,4.2863,5.1046,6.1559,5.5846,4.1115,4.3267,,4.2981,,,5.7637,4.5567,5.8058,4.5045,4.6013,,,4.8193,3.6697,,4.4643,4.0791,5.6207,6.3731,4.4060,4.9461,4.3397,5.6809,4.5243,5.3940,5.2876,5.0513,6.1221,6.6191,5.5238,5.3630,3.9437,5.2208,6.5256,4.7859,5.1524,6.7021,7.0252,5.1581,4.4531,,5.9658,,4.4822,5.8830,4.7076,6.0149,5.6334,,4.7909,4.5710,4.9154,5.7914,5.4729,5.5893,5.3207,7.1290,10.2813,5.4045,5.0510,5.3249,6.1329,5.1981,4.4453,5.3572,5.1456,3.6727,,4.4064,,4.7739,4.3712,,3.9927,4.4426,4.1625,4.3817,,4.9280,3.9272,5.0193,5.6782,4.1694,3.8817,4.6503,4.7898,5.8687,5.6603,4.7545,7.7282,,6.0634,7.1971,5.1142,4.4777,,,4.6050,,5.6613,4.5193,4.8986,5.0868,4.5212,5.1703,5.4054,,,4.0714,4.1782,5.3505,,4.2490,4.3769,4.1747,5.5067,,
280645627,6.4087,7.7879,6.5887,7.9982,5.8964,5.5552,6.1396,6.1927,7.2834,4.4633,4.0657,5.0111,6.1425,4.7634,3.8784,3.7826,,,,3.9400,3.7737,3.8004,4.5887,4.3957,3.7245,,,3.3425,3.7451,,4.0589,3.3122,3.3764,3.7445,3.6467,6.3001,6.8718,7.3865,6.1190,5.2482,6.5775,6.2706,7.3093,4.9036,4.1555,5.7928,7.5104,4.5944,3.3957,,,,,3.8082,3.4155,4.1449,4.2320,3.2851,3.3519,,,3.4637,3.5999,,3.4323,3.4361,3.4181,4.3076,4.3983,3.4458,5.7832,6.0092,5.8522,5.7934,5.5512,5.2856,5.9738,6.4339,4.7236,4.0651,5.9587,5.5920,4.2017,3.6330,,3.6084,,3.8208,3.6822,3.6569,4.6927,3.5450,,,3.4840,3.8646,,3.5019,3.7849,3.3572,4.7821,4.2101,4.3512,7.0968,6.4562,7.0642,6.1455,5.7047,5.7317,6.4861,,4.1584,5.7757,4.1723,3.7889,,,,4.1867,3.3844,3.8841,4.4446,3.4963,,3.5865,4.2902,,3.5863,3.8490,3.5040,4.3945,4.1982,3.3757,6.0713,7.0972,6.5901,5.8151,5.1252,6.4010,4.6182,4.7213,3.9651,,,,4.2055,4.2936,4.6109,4.5321,,3.3315,3.5230,,3.4075,3.6295,3.4864,4.2285,4.6419,3.6782,5.6577,7.8084,4.5840,6.6431,5.9550,5.8866,6.3745,6.8896,7.8495,5.9731,5.7790,5.4907,6.2919,4.4019,4.3000,4.0869,,,4.2027,4.0752,3.8264,3.9575,3.5243,,3.4549,4.5597,,3.8133,3.5490,3.6827,4.5249,4.6197,3.4500,6.0256,7.7181,6.1484,5.7822,5.6972,6.1271,5.9303,4.5509,4.3408,6.8127,7.3745,4.9769,3.7489,,,4.1679,3.4084,4.0307,4.5260,4.8559,3.7359,,,3.4823,3.5519,4.3163,,3.6421,3.4379,3.3882,4.0043,3.2599,3.4812,6.3606,7.1162,5.2375,5.6091,4.0653,5.7385,8.2234,,3.8002,6.7507,7.3599,4.1130,4.5417,,,,3.9213,5.0259,4.9168,3.6220,,,3.6578,3.9087,,3.8562,3.5570,3.4243,4.8487,3.2875,3.7610,6.1211,5.7776,6.4445,6.6702,5.9313,5.8998,7.3713,5.3009,4.1078,8.6386,7.6556,4.8604,4.2004,4.5697,,3.7359,,,3.7706,3.7440,3.8838,4.6335,5.2607,5.0709,3.5221,,,3.6207,3.5184,3.8861,,4.0011,3.9098,3.7349,4.7606,3.3238,3.7413,4.6733,6.2179,6.9790,6.2197,5.9352,5.1484,6.0889,5.0163,5.3328,8.7473,4.2197,3.8249,,3.9775,,,3.7275,3.8359,3.9365,4.1983,4.3892,3.5466,,,3.7426,3.4995,4.3584,,3.8496,3.5173,4.0860,3.8801,4.4479,3.4228,5.1560,5.4179,7.0439,7.4956,5.6937,,5.3119,5.8577,8.4042,5.0385,5.0832,7.2021,7.5971,5.4949,4.0169,3.9745,,3.5022,,4.4271,3.8796,3.6609,5.0087,4.4243,3.4563,,,3.9968,3.9765,,4.0213,3.2713,3.4388,3.6733,3.5840,4.6709,4.6446,5.4989,5.3952,4.4839,5.6962,4.2679,4.4344,3.9077,3.6426,6.8251,6.7000,4.5486,3.4312,,3.8199,,4.1459,3.8508,4.5943,3.8587,,,4.0908,3.5405,,3.6930,4.5630,4.6085,4.1221,4.9131,3.3163,4.6016,4.1244,4.8369,4.8654,4.2494,5.5230,,4.4281,3.6687,6.9089,5.6458,3.9989,3.4639,,3.8944,,,3.4931,4.0253,5.2814,3.8830,3.5907,,,4.1777,3.4506,,3.7912,3.6512,3.7995,4.2378,3.6767,3.7868,4.3131,5.9463,4.8183,4.8000,4.8980,4.9989,5.5061,5.9782,4.0638,5.8028,3.6576,4.9794,7.6657,3.6747,4.9674,6.7516,8.0905,5.0770,3.8264,,3.7849,,4.2208,4.8294,4.0037,3.5403,4.2135,,4.3407,4.6776,4.1041,4.3886,5.3730,5.0442,5.4361,5.6416,9.2343,5.2770,4.9605,4.3212,4.3810,3.5115,3.8847,6.1192,5.6708,3.5305,,3.5118,,4.1275,3.3535,,3.9158,4.0773,3.4413,3.6317,,3.4287,3.7138,3.2360,3.3421,3.3239,3.5029,4.9120,4.9934,5.5681,4.4511,5.0207,6.9475,,6.4850,9.3016,5.2112,4.1419,,,3.4726,,5.6751,3.5840,4.2941,5.5859,4.6482,3.8989,3.4851,,,3.6233,4.1466,4.1151,,4.7088,3.6742,3.2794,3.9918,,
280645632,10.3701,10.7018,10.3641,11.3913,11.1795,10.2264,10.8621,10.0964,9.0228,8.8178,9.3031,8.0959,7.5359,8.4649,7.5686,7.7623,,,,7.7820,7.4485,6.3194,7.2762,6.4433,5.4443,,,7.3248,6.2800,,7.5078,7.0832,6.1451,7.4671,6.9398,9.9537,10.3222,11.0430,9.4077,10.1982,10.3435,10.3077,10.0099,9.0069,9.6022,8.6290,8.7007,8.3057,8.3518,,,,,8.1416,6.4643,7.8235,7.6895,5.9387,5.6578,,,7.6909,5.8824,,6.9469,7.0782,6.9946,7.1388,7.0006,7.4009,10.2319,9.3404,10.2377,10.0095,9.8701,9.5732,9.7236,9.0728,8.8494,9.7743,8.5891,9.1200,8.4176,7.6162,,6.5018,,7.2512,7.3680,5.9650,7.5952,6.2390,,,7.4463,7.1024,,7.3399,7.1361,7.1258,6.2574,6.9546,8.6712,9.6812,10.0228,10.9527,10.0351,9.6121,10.1252,10.0583,,9.3070,8.0053,8.1920,7.9518,,,,6.9029,7.3162,6.7982,6.0079,5.8094,,7.2292,6.9422,,6.6524,6.6969,6.7862,6.2230,7.3792,7.4640,10.1079,10.7300,10.6200,9.4730,10.6510,11.1530,9.6964,9.2745,8.5157,,,,7.1585,7.9423,7.3819,6.1244,,7.6151,6.5054,,6.8559,7.1605,7.1670,6.7858,7.8643,7.4647,9.6790,10.1052,8.9840,9.2423,8.3045,10.2937,10.2377,10.9205,11.3796,10.7198,10.0526,10.5233,9.9559,8.8292,8.6553,8.9890,,,7.8335,7.2259,6.9047,7.3543,6.3490,,7.6413,5.6796,,6.6249,7.1401,6.5120,6.8627,7.5242,6.9724,10.0353,11.0930,10.8133,9.7830,10.3416,10.3007,8.3867,9.3351,8.9853,9.1858,8.5117,8.8442,8.8312,,,7.1733,6.8594,6.9191,7.8070,7.0733,6.5908,,,7.8430,6.7104,6.4685,,7.2466,7.5722,7.1084,6.5914,7.5979,7.1659,10.0899,11.1485,9.9570,9.8015,9.3351,9.8892,10.4176,,9.0157,8.7809,9.0057,8.8662,8.7313,,,,7.1844,7.8672,6.5528,5.5851,,,7.2702,5.3938,,7.3441,6.8435,7.1209,6.9364,7.2460,6.2569,10.3591,10.5562,10.6667,11.1137,9.8247,10.1604,9.3660,9.0872,9.4012,9.1783,8.4883,8.9031,8.6781,8.1720,,6.9155,,,6.3373,6.7747,6.8233,7.7741,6.4533,6.0310,6.3561,,,7.2539,6.2671,6.5275,,7.3154,6.7902,6.9542,6.3433,7.5066,7.5177,9.3996,10.0943,10.4523,10.0086,10.0684,10.6680,10.4043,9.3558,9.5803,9.1986,8.4078,9.5816,,6.8989,,,7.2025,6.8992,5.6982,7.4327,7.3599,6.7676,,,6.4262,6.6730,6.7292,,6.5972,6.8387,6.1408,6.4351,7.5425,6.9351,10.4326,10.3275,10.8398,11.2192,9.7181,,10.3736,10.3804,10.0813,8.9403,9.2054,9.3426,10.0934,9.7045,9.8122,8.2875,,7.7183,,7.0900,7.5582,6.7724,7.6825,6.9813,6.7600,,,6.5802,6.4746,,7.1140,6.5222,7.3168,7.4260,7.6357,9.0377,8.9810,8.7225,9.5938,8.9432,9.2890,8.8191,8.8189,8.3257,8.0096,9.1575,8.9364,9.2159,7.6964,,7.3509,,8.6821,7.0176,8.5561,7.6902,,,8.3730,7.3422,,6.6611,8.1807,8.0847,7.8473,8.4961,6.9735,8.3843,9.3368,8.1316,9.4616,8.3297,9.4671,,8.3125,8.0472,10.1221,8.4887,8.7989,7.6921,,6.4984,,,7.1535,6.9418,7.2309,6.3004,5.8734,,,7.9387,7.3735,,6.7352,6.8478,6.5084,6.9638,7.3283,8.2999,8.5715,8.6382,8.0694,7.8275,9.4641,8.8213,9.7060,9.3515,10.3573,9.4359,9.6251,8.9428,9.7600,8.7840,10.5899,9.5002,9.9177,9.6929,10.1354,,7.8835,,8.3105,7.0390,6.6892,7.3792,7.5210,,8.2311,8.5399,8.0007,7.8575,8.7257,8.2830,9.2844,9.5226,10.7322,10.0659,9.7175,10.3813,7.9658,8.8525,9.1188,9.5741,8.6290,8.6843,,6.0070,,5.7001,6.0012,,5.7708,5.5852,6.5745,5.9189,,5.4323,5.8770,5.0450,5.2962,5.5409,6.6999,9.3175,9.2127,10.9248,9.6816,8.9203,10.7025,,9.8299,9.4623,8.9818,9.6726,,,7.3072,,7.5667,7.0318,7.2430,7.7060,7.6937,6.0874,6.3810,,,7.7104,7.4892,7.5658,,7.8572,7.6435,7.5939,7.2375,,
280645637,11.1985,11.0984,11.0949,12.0387,11.1772,10.7747,11.1908,11.2787,10.1978,10.5704,10.3396,8.8291,9.0612,9.4446,8.3290,8.6286,,,,8.4691,8.1860,6.7909,7.8035,7.5624,6.3617,,,8.1816,7.0605,,8.2113,8.6311,6.9794,7.7420,6.0760,11.0089,11.0951,11.7192,10.9649,10.5092,11.1113,11.0637,10.5210,10.6662,10.4051,9.3497,9.8046,9.4204,9.2472,,,,,8.9661,5.9937,8.1767,8.0386,7.7209,6.5778,,,8.0060,6.7139,,8.0722,7.1379,8.3211,7.2568,7.3772,7.9932,10.8819,10.8298,10.6505,10.7005,10.6117,10.5398,10.9875,9.8281,10.0667,11.1568,9.4354,9.5163,9.3811,8.6907,,8.4140,,8.3974,8.5948,6.6771,7.1856,6.7667,,,8.7944,5.7211,,7.7655,7.9806,8.9076,7.3234,7.7863,10.0227,10.5781,11.0662,11.4911,10.9604,10.6758,10.6382,11.3241,,10.4043,8.6073,8.8744,8.3724,,,,7.9840,8.6930,6.3891,7.6861,6.4435,,8.3312,7.6736,,7.0284,7.3798,8.1930,6.7390,8.0867,8.3346,11.0441,11.1701,11.1980,10.5877,11.1671,11.3829,10.8933,10.0139,9.4657,,,,8.0263,8.3660,7.3217,6.6527,,8.4553,6.8045,,7.5213,8.0246,8.1014,7.4517,8.3845,8.3631,10.6939,10.7483,10.1738,10.0548,9.5581,11.2397,11.3076,11.1671,11.7099,11.0964,10.4248,10.9802,11.1647,10.8123,9.8706,9.9499,,,8.7316,8.5841,6.4984,7.5821,6.8594,,8.1745,6.6957,,8.0724,7.9098,8.1036,8.2787,7.6370,7.6801,10.8918,11.7618,11.4668,10.7445,10.9765,11.2533,9.8341,10.5984,10.2517,9.9800,9.8431,9.8605,10.0296,,,8.1378,8.1265,5.9936,7.9187,7.7408,6.3076,,,8.8582,7.2793,6.9252,,7.6828,8.1185,8.0426,7.1006,7.0722,8.2064,10.8697,11.5483,10.5736,10.2823,10.1145,10.8260,10.8535,,10.1141,9.5520,10.0254,9.5534,9.6138,,,,8.1267,8.1631,7.6229,7.6399,,,7.7914,6.5075,,8.3279,7.5129,8.2231,7.6355,8.2972,7.6261,10.9138,11.2831,11.0967,11.5721,10.7412,10.8049,10.7841,11.0956,10.5339,10.3240,9.8819,9.7091,9.1663,8.9265,,8.2413,,,7.5485,8.1139,6.8970,7.8354,8.1106,6.7558,6.9637,,,8.2203,7.2575,7.3757,,7.8380,7.4455,8.3843,7.9583,8.0240,8.6547,10.5932,10.6839,11.4700,11.1570,10.6770,11.1136,11.3689,10.8303,10.9702,9.8457,9.3066,9.8377,,8.7167,,,8.4369,8.3219,6.0479,7.6877,6.9077,7.3648,,,7.7629,7.8510,6.9066,,7.6672,7.9911,7.8056,6.9322,7.5789,7.9732,11.2535,10.8251,11.0868,11.5846,10.8136,,10.8764,10.9473,10.8200,10.6921,10.8177,9.8922,10.2560,10.0475,9.8593,8.8293,,8.6768,,7.6181,8.4003,6.7226,8.2490,7.0585,7.2099,,,7.1159,6.9099,,7.3667,7.8050,8.3607,7.3677,8.2642,9.9361,9.9558,9.9022,10.2195,9.8655,10.2691,8.6906,9.7315,9.9859,8.7322,9.9670,10.0295,10.4393,8.6298,,9.1276,,9.6632,8.2605,8.0883,9.0492,,,9.2928,7.5526,,7.1218,9.0819,9.5063,8.6942,9.1095,7.8464,9.5487,9.8413,9.1349,10.1039,9.4753,10.0820,,9.4424,10.2658,10.9669,8.9148,9.4260,7.9614,,8.2211,,,7.8868,6.9330,7.3301,8.1631,7.5841,,,7.8384,7.7064,,8.3760,7.1375,7.8645,6.3340,7.0233,8.9838,9.2796,9.4050,9.1890,8.6368,10.3271,9.4662,10.6059,10.5101,10.3782,10.8290,9.7878,10.2661,10.4591,10.5171,11.2966,10.0507,10.7697,10.6684,10.6965,,9.3354,,9.6906,6.3289,8.5413,9.0455,8.8300,,9.2849,9.3402,9.4740,9.1377,9.3033,9.2309,10.4011,10.3870,11.5198,10.6212,10.7356,10.5245,9.5268,10.8669,10.3331,10.1387,9.7326,9.3796,,6.4990,,6.4818,7.0690,,6.6867,7.2022,7.1181,7.0470,,6.0225,6.9300,5.5247,6.2626,6.1161,7.2749,10.1440,10.1870,11.1396,10.0738,10.2755,11.7280,,10.3332,10.7418,10.2898,10.5754,,,8.6775,,8.6437,8.0748,8.2274,8.0180,8.7201,6.5040,7.2830,,,8.6282,8.0827,7.8910,,8.9546,7.8035,8.5930,7.8050,,
280645642,12.2370,11.4333,11.6634,12.4937,12.2391,11.7579,11.7784,12.0170,11.4118,11.8722,11.4792,10.2977,10.8672,10.7426,9.5597,11.0008,,,,10.1629,9.4257,9.5361,10.2418,9.3734,8.7733,,,9.8701,9.6400,,9.9386,10.1226,8.7006,9.1200,9.6027,12.1662,11.5200,12.5212,11.8738,11.6377,11.5660,12.2191,11.9308,12.1336,11.5396,10.8446,10.9714,10.4675,10.6151,,,,,10.1094,9.7481,10.0190,10.8507,9.4224,8.9534,,,10.2679,10.0443,,9.5359,9.0912,10.4655,8.9323,8.8854,9.7322,12.1283,11.5811,11.3087,11.7178,11.5156,11.4277,11.9658,11.2959,11.6968,12.1766,10.6994,10.5948,10.5383,9.9244,,9.9326,,10.2542,9.9951,9.3595,10.5307,8.9829,,,10.2007,9.6099,,9.8356,9.3571,10.8044,9.4499,8.7759,11.5718,11.5007,11.8583,12.0996,11.6353,11.5963,11.5950,12.4242,,11.9188,10.0826,10.0398,9.7996,,,,9.8715,10.0663,8.8501,10.7774,8.5396,,10.1305,10.4007,,9.5048,9.1409,10.2494,9.2167,9.3494,10.1243,11.7426,12.0418,12.1937,11.5063,11.6191,11.8129,12.2368,11.0507,11.3731,,,,9.8914,10.4487,10.9785,9.0107,,10.2819,10.1489,,9.9258,9.3263,10.2106,9.5464,9.5553,10.1908,11.6857,11.7115,10.7803,10.7909,11.4589,12.1482,11.6411,11.9273,12.3767,11.9515,11.8569,11.6312,11.9651,12.2398,10.7510,11.0010,,,10.7020,10.1948,9.6460,10.2820,8.6829,,9.6920,9.8663,,9.7627,9.4845,10.1242,8.5059,9.4834,10.1640,11.7450,12.4247,12.2363,11.8238,11.8070,12.0979,11.3686,12.0121,11.4262,10.8156,11.6019,11.1212,11.0851,,,10.0090,9.5847,9.3200,10.6281,10.6553,8.4439,,,10.3737,9.5890,10.2935,,9.8550,9.1464,10.0542,9.0168,9.7243,9.6360,11.5563,12.1195,11.6841,11.8285,11.1935,11.7302,11.8624,,11.5198,10.9059,11.4958,10.8670,11.2824,,,,10.2428,10.4622,11.0704,9.0195,,,9.8660,10.1138,,10.2723,9.5547,10.1035,8.5824,9.5640,10.1036,11.8126,12.3301,12.0385,12.5407,11.9848,11.5645,12.1805,12.4468,11.7861,11.2352,11.2092,10.9983,10.2355,10.9781,,10.2404,,,9.8809,9.9522,9.6112,10.5979,10.7303,10.1329,8.7720,,,10.1028,9.5106,10.6100,,9.8272,9.4948,10.0441,8.8709,9.0789,10.0848,12.0199,11.8111,12.2944,12.1507,11.2494,12.1572,12.1034,12.1153,12.0737,11.5724,10.5196,11.1698,,10.2539,,,10.1244,9.7821,9.6437,10.6105,10.5033,9.5662,,,9.7088,9.6763,10.0586,,9.7949,9.5662,10.0815,9.5217,9.2477,9.8562,12.2905,11.3918,12.0141,12.3021,11.7332,,11.8266,11.8704,12.1995,12.0003,12.0060,11.0139,11.4585,11.4428,11.1508,10.9683,,10.2836,,9.9746,9.7998,10.4659,10.7131,11.0525,8.5466,,,9.7620,9.6890,,9.9097,9.6546,9.5813,9.3621,9.9498,11.5305,11.2497,11.2363,11.2611,11.2645,11.5757,10.6053,10.8717,11.6352,10.4217,10.8499,10.9954,11.2951,10.5271,,10.8662,,10.9184,10.4405,11.4570,10.6445,,,11.0410,10.8615,,9.7872,10.8005,11.6278,10.2602,9.9225,10.4862,11.2669,10.9979,10.5064,11.3009,11.1536,10.8128,,10.6516,11.8047,11.7604,10.6461,10.8042,9.6233,,10.1867,,,10.2402,10.1685,10.6801,10.3875,9.5609,,,10.6743,10.0355,,9.4440,9.0641,10.3761,9.0552,9.1992,11.1757,10.7750,10.8411,11.0160,10.4334,11.6980,10.9778,11.6735,11.6699,11.5694,12.0568,11.1459,11.5869,11.6449,12.0958,12.1774,11.0418,11.7743,11.8164,11.8418,,10.8730,,11.4374,10.8263,10.7336,10.0444,10.7031,,10.9499,10.6974,11.2343,10.6479,10.5171,10.9921,11.8344,11.3890,12.5242,11.6767,11.6007,11.8744,11.0442,12.0017,11.5807,11.4660,11.4514,10.8073,,8.6247,,7.9359,8.3260,,8.9192,8.5805,8.5943,9.2809,,8.5687,9.0219,7.6734,6.4102,7.4890,9.1030,11.4836,11.3145,11.9684,11.3788,11.3584,12.3201,,11.5853,12.1892,11.7630,12.0122,,,10.4762,,10.2163,9.7926,10.5748,9.8499,10.8344,9.5331,9.7199,,,10.0843,9.6831,10.9116,,10.5985,9.7419,10.8359,9.6729,,
